id_carrinho,id_op_rebin,linha_rebin,dt_inicio_montagem,tempo_montagem_min,dt_fim_montagem
CAR-00001,OP-REB-06,L01,2026-08-01 06:02:06,11.6,2026-08-01 06:13:42.000
CAR-00002,OP-REB-07,L01,2026-08-01 06:06:44,9.67,2026-08-01 06:16:24.200
CAR-00003,OP-REB-04,L01,2026-08-01 06:50:51,10.53,2026-08-01 07:01:22.800
CAR-00004,OP-REB-08,L01,2026-08-01 06:54:27,12.41,2026-08-01 07:06:51.600
CAR-00005,OP-REB-09,L01,2026-08-01 07:28:07,12.38,2026-08-01 07:40:29.800
CAR-00006,OP-REB-01,L02,2026-08-01 07:31:26,12.48,2026-08-01 07:43:54.800
CAR-00007,OP-REB-07,L02,2026-08-01 07:55:49,13.04,2026-08-01 08:08:51.400
CAR-00008,OP-REB-09,L02,2026-08-01 08:12:47,12.01,2026-08-01 08:24:47.600
CAR-00009,OP-REB-05,L02,2026-08-01 08:37:15,12.53,2026-08-01 08:49:46.800
CAR-00010,OP-REB-02,L01,2026-08-01 08:58:19,11.91,2026-08-01 09:10:13.600
CAR-00011,OP-REB-06,L02,2026-08-01 09:08:23,14.3,2026-08-01 09:22:41.000
CAR-00012,OP-REB-07,L01,2026-08-01 09:21:55,14.86,2026-08-01 09:36:46.600
CAR-00013,OP-REB-02,L02,2026-08-01 11:01:13,9.62,2026-08-01 11:10:50.200
CAR-00014,OP-REB-02,L02,2026-08-01 11:27:55,11.49,2026-08-01 11:39:24.400
CAR-00015,OP-REB-01,L02,2026-08-01 11:30:16,12.07,2026-08-01 11:42:20.200
CAR-00016,OP-REB-04,L01,2026-08-01 11:32:55,11.47,2026-08-01 11:44:23.200
CAR-00017,OP-REB-07,L02,2026-08-01 11:54:13,15.59,2026-08-01 12:09:48.400
CAR-00018,OP-REB-09,L01,2026-08-01 12:05:59,12.45,2026-08-01 12:18:26.000
CAR-00019,OP-REB-03,L01,2026-08-01 12:13:51,10.39,2026-08-01 12:24:14.400
CAR-00020,OP-REB-07,L02,2026-08-01 12:27:27,13.19,2026-08-01 12:40:38.400
CAR-00021,OP-REB-07,L01,2026-08-01 12:27:55,12.54,2026-08-01 12:40:27.400
CAR-00022,OP-REB-07,L01,2026-08-01 12:30:29,12.61,2026-08-01 12:43:05.600
CAR-00023,OP-REB-02,L02,2026-08-01 13:15:55,15.62,2026-08-01 13:31:32.200
CAR-00024,OP-REB-06,L02,2026-08-01 13:25:34,12.7,2026-08-01 13:38:16.000
CAR-00025,OP-REB-02,L02,2026-08-01 13:26:30,11.39,2026-08-01 13:37:53.400
CAR-00026,OP-REB-06,L02,2026-08-01 13:26:46,8.09,2026-08-01 13:34:51.400
CAR-00027,OP-REB-03,L02,2026-08-01 13:41:52,11.67,2026-08-01 13:53:32.200
CAR-00028,OP-REB-02,L02,2026-08-01 13:57:05,14.61,2026-08-01 14:11:41.600
CAR-00029,OP-REB-06,L01,2026-08-01 14:15:25,11.82,2026-08-01 14:27:14.200
CAR-00030,OP-REB-02,L02,2026-08-01 14:46:25,7.52,2026-08-01 14:53:56.200
CAR-00031,OP-REB-05,L02,2026-08-01 15:15:20,11.0,2026-08-01 15:26:20.000
CAR-00032,OP-REB-02,L01,2026-08-01 15:38:21,13.99,2026-08-01 15:52:20.400
CAR-00033,OP-REB-03,L02,2026-08-01 15:38:27,13.09,2026-08-01 15:51:32.400
CAR-00034,OP-REB-03,L01,2026-08-01 15:41:51,10.32,2026-08-01 15:52:10.200
CAR-00035,OP-REB-06,L02,2026-08-01 15:59:14,10.87,2026-08-01 16:10:06.200
CAR-00036,OP-REB-06,L02,2026-08-01 16:00:35,11.18,2026-08-01 16:11:45.800
CAR-00037,OP-REB-03,L01,2026-08-01 16:05:21,10.67,2026-08-01 16:16:01.200
CAR-00038,OP-REB-03,L02,2026-08-01 16:35:02,7.94,2026-08-01 16:42:58.400
CAR-00039,OP-REB-01,L01,2026-08-01 16:54:39,13.53,2026-08-01 17:08:10.800
CAR-00040,OP-REB-07,L02,2026-08-01 16:55:53,14.51,2026-08-01 17:10:23.600
CAR-00041,OP-REB-08,L02,2026-08-01 17:18:58,8.96,2026-08-01 17:27:55.600
CAR-00042,OP-REB-02,L01,2026-08-01 18:06:25,14.49,2026-08-01 18:20:54.400
CAR-00043,OP-REB-04,L02,2026-08-01 18:33:52,11.79,2026-08-01 18:45:39.400
CAR-00044,OP-REB-07,L02,2026-08-01 19:04:17,14.45,2026-08-01 19:18:44.000
CAR-00045,OP-REB-08,L01,2026-08-01 19:34:34,12.08,2026-08-01 19:46:38.800
CAR-00046,OP-REB-01,L02,2026-08-01 19:36:24,12.27,2026-08-01 19:48:40.200
CAR-00047,OP-REB-04,L01,2026-08-01 19:38:24,12.74,2026-08-01 19:51:08.400
CAR-00048,OP-REB-06,L02,2026-08-01 19:38:35,10.42,2026-08-01 19:49:00.200
CAR-00049,OP-REB-03,L01,2026-08-01 20:07:41,14.39,2026-08-01 20:22:04.400
CAR-00050,OP-REB-05,L02,2026-08-01 20:13:46,9.76,2026-08-01 20:23:31.600
CAR-00051,OP-REB-09,L01,2026-08-01 20:22:25,11.2,2026-08-01 20:33:37.000
CAR-00052,OP-REB-03,L01,2026-08-01 20:25:34,13.05,2026-08-01 20:38:37.000
CAR-00053,OP-REB-05,L02,2026-08-01 20:35:28,10.98,2026-08-01 20:46:26.800
CAR-00054,OP-REB-08,L02,2026-08-01 21:26:49,13.56,2026-08-01 21:40:22.600
CAR-00055,OP-REB-06,L01,2026-08-01 22:26:22,14.75,2026-08-01 22:41:07.000
CAR-00056,OP-REB-04,L02,2026-08-01 22:49:05,14.03,2026-08-01 23:03:06.800
CAR-00057,OP-REB-08,L01,2026-08-01 22:58:07,8.13,2026-08-01 23:06:14.800
CAR-00058,OP-REB-03,L02,2026-08-01 23:02:47,12.25,2026-08-01 23:15:02.000
CAR-00059,OP-REB-03,L02,2026-08-01 23:04:36,14.06,2026-08-01 23:18:39.600
CAR-00060,OP-REB-04,L01,2026-08-01 23:30:37,9.37,2026-08-01 23:39:59.200
CAR-00061,OP-REB-09,L01,2026-08-01 23:40:46,13.45,2026-08-01 23:54:13.000
CAR-00062,OP-REB-05,L02,2026-08-01 23:52:03,13.33,2026-08-02 00:05:22.800
CAR-00063,OP-REB-08,L02,2026-08-02 00:08:38,9.58,2026-08-02 00:18:12.800
CAR-00064,OP-REB-06,L02,2026-08-02 00:15:25,13.67,2026-08-02 00:29:05.200
CAR-00065,OP-REB-03,L02,2026-08-02 00:19:13,12.55,2026-08-02 00:31:46.000
CAR-00066,OP-REB-08,L02,2026-08-02 00:22:30,13.3,2026-08-02 00:35:48.000
CAR-00067,OP-REB-09,L01,2026-08-02 00:23:23,10.07,2026-08-02 00:33:27.200
CAR-00068,OP-REB-08,L02,2026-08-02 00:23:54,12.3,2026-08-02 00:36:12.000
CAR-00069,OP-REB-04,L02,2026-08-02 00:47:22,8.59,2026-08-02 00:55:57.400
CAR-00070,OP-REB-06,L01,2026-08-02 00:47:41,7.45,2026-08-02 00:55:08.000
CAR-00071,OP-REB-01,L01,2026-08-02 00:55:48,12.28,2026-08-02 01:08:04.800
CAR-00072,OP-REB-04,L01,2026-08-02 01:08:40,14.2,2026-08-02 01:22:52.000
CAR-00073,OP-REB-08,L02,2026-08-02 01:28:39,12.51,2026-08-02 01:41:09.600
CAR-00074,OP-REB-01,L01,2026-08-02 01:33:10,11.87,2026-08-02 01:45:02.200
CAR-00075,OP-REB-03,L01,2026-08-02 01:37:20,11.62,2026-08-02 01:48:57.200
CAR-00076,OP-REB-01,L01,2026-08-02 01:48:15,10.11,2026-08-02 01:58:21.600
CAR-00077,OP-REB-09,L01,2026-08-02 02:33:17,11.56,2026-08-02 02:44:50.600
CAR-00078,OP-REB-02,L02,2026-08-02 02:41:00,12.84,2026-08-02 02:53:50.400
CAR-00079,OP-REB-09,L02,2026-08-02 02:56:28,11.13,2026-08-02 03:07:35.800
CAR-00080,OP-REB-04,L02,2026-08-02 03:02:46,13.5,2026-08-02 03:16:16.000
CAR-00081,OP-REB-02,L01,2026-08-02 03:07:57,12.39,2026-08-02 03:20:20.400
CAR-00082,OP-REB-04,L01,2026-08-02 03:10:18,12.63,2026-08-02 03:22:55.800
CAR-00083,OP-REB-06,L01,2026-08-02 03:21:38,13.78,2026-08-02 03:35:24.800
CAR-00084,OP-REB-07,L01,2026-08-02 03:53:01,10.95,2026-08-02 04:03:58.000
CAR-00085,OP-REB-03,L01,2026-08-02 03:58:03,13.32,2026-08-02 04:11:22.200
CAR-00086,OP-REB-03,L01,2026-08-02 03:59:01,11.23,2026-08-02 04:10:14.800
CAR-00087,OP-REB-08,L02,2026-08-02 04:12:53,12.68,2026-08-02 04:25:33.800
CAR-00088,OP-REB-05,L02,2026-08-02 04:17:37,10.71,2026-08-02 04:28:19.600
CAR-00089,OP-REB-04,L01,2026-08-02 04:34:24,10.18,2026-08-02 04:44:34.800
CAR-00090,OP-REB-07,L02,2026-08-02 05:21:20,12.18,2026-08-02 05:33:30.800
CAR-00091,OP-REB-07,L01,2026-08-02 05:30:54,8.23,2026-08-02 05:39:07.800
CAR-00092,OP-REB-09,L01,2026-08-02 05:59:25,11.41,2026-08-02 06:10:49.600
CAR-00093,OP-REB-09,L02,2026-08-02 06:17:48,8.79,2026-08-02 06:26:35.400
CAR-00094,OP-REB-05,L01,2026-08-02 06:25:55,13.56,2026-08-02 06:39:28.600
CAR-00095,OP-REB-08,L02,2026-08-02 07:01:33,14.1,2026-08-02 07:15:39.000
CAR-00096,OP-REB-01,L01,2026-08-02 07:16:46,10.27,2026-08-02 07:27:02.200
CAR-00097,OP-REB-09,L01,2026-08-02 07:31:05,12.86,2026-08-02 07:43:56.600
CAR-00098,OP-REB-08,L02,2026-08-02 07:36:33,13.8,2026-08-02 07:50:21.000
CAR-00099,OP-REB-06,L01,2026-08-02 07:38:44,13.8,2026-08-02 07:52:32.000
CAR-00100,OP-REB-03,L01,2026-08-02 07:43:21,12.43,2026-08-02 07:55:46.800
CAR-00101,OP-REB-03,L01,2026-08-02 08:06:58,13.47,2026-08-02 08:20:26.200
CAR-00102,OP-REB-08,L02,2026-08-02 09:26:58,10.7,2026-08-02 09:37:40.000
CAR-00103,OP-REB-05,L01,2026-08-02 09:50:35,12.17,2026-08-02 10:02:45.200
CAR-00104,OP-REB-07,L01,2026-08-02 09:58:54,11.07,2026-08-02 10:09:58.200
CAR-00105,OP-REB-05,L01,2026-08-02 10:09:36,10.53,2026-08-02 10:20:07.800
CAR-00106,OP-REB-08,L02,2026-08-02 10:42:35,12.07,2026-08-02 10:54:39.200
CAR-00107,OP-REB-04,L02,2026-08-02 10:56:35,12.7,2026-08-02 11:09:17.000
CAR-00108,OP-REB-02,L02,2026-08-02 10:56:51,14.33,2026-08-02 11:11:10.800
CAR-00109,OP-REB-03,L02,2026-08-02 11:02:35,12.53,2026-08-02 11:15:06.800
CAR-00110,OP-REB-08,L02,2026-08-02 11:13:48,13.28,2026-08-02 11:27:04.800
CAR-00111,OP-REB-07,L01,2026-08-02 11:28:01,13.31,2026-08-02 11:41:19.600
CAR-00112,OP-REB-02,L02,2026-08-02 11:50:50,17.38,2026-08-02 12:08:12.800
CAR-00113,OP-REB-06,L02,2026-08-02 12:15:40,8.38,2026-08-02 12:24:02.800
CAR-00114,OP-REB-09,L01,2026-08-02 12:25:56,10.62,2026-08-02 12:36:33.200
CAR-00115,OP-REB-04,L02,2026-08-02 12:34:38,14.95,2026-08-02 12:49:35.000
CAR-00116,OP-REB-09,L01,2026-08-02 12:37:48,11.3,2026-08-02 12:49:06.000
CAR-00117,OP-REB-02,L02,2026-08-02 13:20:16,13.77,2026-08-02 13:34:02.200
CAR-00118,OP-REB-02,L01,2026-08-02 13:23:10,12.46,2026-08-02 13:35:37.600
CAR-00119,OP-REB-09,L01,2026-08-02 14:01:34,16.21,2026-08-02 14:17:46.600
CAR-00120,OP-REB-07,L02,2026-08-02 14:02:39,9.77,2026-08-02 14:12:25.200
CAR-00121,OP-REB-07,L02,2026-08-02 14:19:41,14.44,2026-08-02 14:34:07.400
CAR-00122,OP-REB-01,L01,2026-08-02 14:21:32,15.5,2026-08-02 14:37:02.000
CAR-00123,OP-REB-06,L01,2026-08-02 14:25:39,9.97,2026-08-02 14:35:37.200
CAR-00124,OP-REB-07,L01,2026-08-02 14:43:16,13.57,2026-08-02 14:56:50.200
CAR-00125,OP-REB-06,L01,2026-08-02 14:47:13,10.07,2026-08-02 14:57:17.200
CAR-00126,OP-REB-06,L01,2026-08-02 14:53:33,12.06,2026-08-02 15:05:36.600
CAR-00127,OP-REB-02,L01,2026-08-02 15:00:34,11.49,2026-08-02 15:12:03.400
CAR-00128,OP-REB-06,L01,2026-08-02 16:00:02,7.19,2026-08-02 16:07:13.400
CAR-00129,OP-REB-04,L02,2026-08-02 16:00:09,12.85,2026-08-02 16:13:00.000
CAR-00130,OP-REB-09,L01,2026-08-02 16:05:44,12.29,2026-08-02 16:18:01.400
CAR-00131,OP-REB-01,L02,2026-08-02 16:06:15,14.96,2026-08-02 16:21:12.600
CAR-00132,OP-REB-08,L02,2026-08-02 16:14:17,13.22,2026-08-02 16:27:30.200
CAR-00133,OP-REB-05,L01,2026-08-02 16:20:18,16.58,2026-08-02 16:36:52.800
CAR-00134,OP-REB-01,L01,2026-08-02 16:28:43,12.21,2026-08-02 16:40:55.600
CAR-00135,OP-REB-04,L02,2026-08-02 16:58:05,11.79,2026-08-02 17:09:52.400
CAR-00136,OP-REB-01,L01,2026-08-02 16:59:51,11.63,2026-08-02 17:11:28.800
CAR-00137,OP-REB-06,L01,2026-08-02 17:01:48,11.12,2026-08-02 17:12:55.200
CAR-00138,OP-REB-02,L02,2026-08-02 17:32:28,7.58,2026-08-02 17:40:02.800
CAR-00139,OP-REB-05,L02,2026-08-02 17:38:42,11.56,2026-08-02 17:50:15.600
CAR-00140,OP-REB-07,L02,2026-08-02 17:39:51,7.86,2026-08-02 17:47:42.600
CAR-00141,OP-REB-02,L01,2026-08-02 17:55:50,12.9,2026-08-02 18:08:44.000
CAR-00142,OP-REB-06,L01,2026-08-02 18:29:33,9.52,2026-08-02 18:39:04.200
CAR-00143,OP-REB-06,L02,2026-08-02 18:51:57,10.21,2026-08-02 19:02:09.600
CAR-00144,OP-REB-05,L01,2026-08-02 19:01:12,10.66,2026-08-02 19:11:51.600
CAR-00145,OP-REB-05,L02,2026-08-02 19:05:15,11.59,2026-08-02 19:16:50.400
CAR-00146,OP-REB-03,L01,2026-08-02 19:05:54,12.01,2026-08-02 19:17:54.600
CAR-00147,OP-REB-02,L02,2026-08-02 19:14:15,14.17,2026-08-02 19:28:25.200
CAR-00148,OP-REB-07,L01,2026-08-02 19:33:50,10.84,2026-08-02 19:44:40.400
CAR-00149,OP-REB-01,L02,2026-08-02 19:52:10,12.96,2026-08-02 20:05:07.600
CAR-00150,OP-REB-06,L01,2026-08-02 20:03:43,17.46,2026-08-02 20:21:10.600
CAR-00151,OP-REB-06,L01,2026-08-02 20:11:18,12.75,2026-08-02 20:24:03.000
CAR-00152,OP-REB-03,L02,2026-08-02 20:29:23,11.64,2026-08-02 20:41:01.400
CAR-00153,OP-REB-02,L01,2026-08-02 20:39:42,10.44,2026-08-02 20:50:08.400
CAR-00154,OP-REB-02,L01,2026-08-02 21:13:34,11.61,2026-08-02 21:25:10.600
CAR-00155,OP-REB-09,L02,2026-08-02 21:16:38,10.23,2026-08-02 21:26:51.800
CAR-00156,OP-REB-05,L01,2026-08-02 21:19:24,12.54,2026-08-02 21:31:56.400
CAR-00157,OP-REB-07,L01,2026-08-02 21:34:43,12.21,2026-08-02 21:46:55.600
CAR-00158,OP-REB-05,L01,2026-08-02 22:05:56,7.68,2026-08-02 22:13:36.800
CAR-00159,OP-REB-07,L02,2026-08-02 22:08:59,11.96,2026-08-02 22:20:56.600
CAR-00160,OP-REB-04,L02,2026-08-02 22:15:31,14.15,2026-08-02 22:29:40.000
CAR-00161,OP-REB-08,L02,2026-08-02 22:21:11,11.2,2026-08-02 22:32:23.000
CAR-00162,OP-REB-07,L02,2026-08-02 22:29:48,10.69,2026-08-02 22:40:29.400
CAR-00163,OP-REB-05,L02,2026-08-02 22:41:10,9.24,2026-08-02 22:50:24.400
CAR-00164,OP-REB-06,L01,2026-08-02 22:57:23,8.28,2026-08-02 23:05:39.800
CAR-00165,OP-REB-05,L01,2026-08-02 23:01:58,13.66,2026-08-02 23:15:37.600
CAR-00166,OP-REB-07,L02,2026-08-03 00:04:16,11.64,2026-08-03 00:15:54.400
CAR-00167,OP-REB-02,L01,2026-08-03 00:19:20,13.54,2026-08-03 00:32:52.400
CAR-00168,OP-REB-05,L01,2026-08-03 00:29:59,15.06,2026-08-03 00:45:02.600
CAR-00169,OP-REB-03,L01,2026-08-03 01:14:43,13.84,2026-08-03 01:28:33.400
CAR-00170,OP-REB-09,L01,2026-08-03 01:28:18,10.92,2026-08-03 01:39:13.200
CAR-00171,OP-REB-06,L02,2026-08-03 01:39:24,12.29,2026-08-03 01:51:41.400
CAR-00172,OP-REB-03,L02,2026-08-03 01:48:22,10.77,2026-08-03 01:59:08.200
CAR-00173,OP-REB-07,L01,2026-08-03 01:49:55,10.58,2026-08-03 02:00:29.800
CAR-00174,OP-REB-04,L01,2026-08-03 01:54:16,12.69,2026-08-03 02:06:57.400
CAR-00175,OP-REB-03,L02,2026-08-03 02:07:03,10.34,2026-08-03 02:17:23.400
CAR-00176,OP-REB-08,L01,2026-08-03 02:28:01,7.58,2026-08-03 02:35:35.800
CAR-00177,OP-REB-04,L01,2026-08-03 02:33:01,10.22,2026-08-03 02:43:14.200
CAR-00178,OP-REB-01,L01,2026-08-03 02:39:35,11.39,2026-08-03 02:50:58.400
CAR-00179,OP-REB-06,L02,2026-08-03 03:17:18,15.04,2026-08-03 03:32:20.400
CAR-00180,OP-REB-01,L02,2026-08-03 03:21:13,11.02,2026-08-03 03:32:14.200
CAR-00181,OP-REB-05,L01,2026-08-03 03:34:13,13.02,2026-08-03 03:47:14.200
CAR-00182,OP-REB-07,L01,2026-08-03 03:59:35,11.66,2026-08-03 04:11:14.600
CAR-00183,OP-REB-06,L01,2026-08-03 04:14:32,14.45,2026-08-03 04:28:59.000
CAR-00184,OP-REB-02,L01,2026-08-03 05:15:02,14.31,2026-08-03 05:29:20.600
CAR-00185,OP-REB-04,L01,2026-08-03 06:20:23,14.35,2026-08-03 06:34:44.000
CAR-00186,OP-REB-02,L01,2026-08-03 06:40:11,8.53,2026-08-03 06:48:42.800
CAR-00187,OP-REB-01,L02,2026-08-03 06:54:36,12.41,2026-08-03 07:07:00.600
CAR-00188,OP-REB-03,L02,2026-08-03 07:03:35,13.52,2026-08-03 07:17:06.200
CAR-00189,OP-REB-03,L01,2026-08-03 07:23:09,12.76,2026-08-03 07:35:54.600
CAR-00190,OP-REB-07,L02,2026-08-03 07:31:14,13.27,2026-08-03 07:44:30.200
CAR-00191,OP-REB-01,L01,2026-08-03 07:49:12,12.12,2026-08-03 08:01:19.200
CAR-00192,OP-REB-09,L01,2026-08-03 07:57:10,10.51,2026-08-03 08:07:40.600
CAR-00193,OP-REB-06,L02,2026-08-03 08:09:13,8.61,2026-08-03 08:17:49.600
CAR-00194,OP-REB-04,L02,2026-08-03 08:22:40,10.71,2026-08-03 08:33:22.600
CAR-00195,OP-REB-03,L01,2026-08-03 08:51:02,17.36,2026-08-03 09:08:23.600
CAR-00196,OP-REB-03,L01,2026-08-03 09:07:44,11.03,2026-08-03 09:18:45.800
CAR-00197,OP-REB-02,L02,2026-08-03 09:13:43,8.08,2026-08-03 09:21:47.800
CAR-00198,OP-REB-02,L02,2026-08-03 09:53:53,13.47,2026-08-03 10:07:21.200
CAR-00199,OP-REB-05,L01,2026-08-03 10:00:10,13.71,2026-08-03 10:13:52.600
CAR-00200,OP-REB-09,L01,2026-08-03 10:07:08,14.57,2026-08-03 10:21:42.200
CAR-00201,OP-REB-02,L01,2026-08-03 10:20:56,12.94,2026-08-03 10:33:52.400
CAR-00202,OP-REB-02,L02,2026-08-03 10:21:30,13.69,2026-08-03 10:35:11.400
CAR-00203,OP-REB-06,L01,2026-08-03 10:36:47,15.68,2026-08-03 10:52:27.800
CAR-00204,OP-REB-02,L02,2026-08-03 10:58:26,10.51,2026-08-03 11:08:56.600
CAR-00205,OP-REB-04,L01,2026-08-03 11:07:12,10.11,2026-08-03 11:17:18.600
CAR-00206,OP-REB-06,L02,2026-08-03 11:15:03,9.81,2026-08-03 11:24:51.600
CAR-00207,OP-REB-05,L02,2026-08-03 11:45:10,11.47,2026-08-03 11:56:38.200
CAR-00208,OP-REB-01,L02,2026-08-03 11:49:43,14.87,2026-08-03 12:04:35.200
CAR-00209,OP-REB-06,L02,2026-08-03 12:14:06,13.06,2026-08-03 12:27:09.600
CAR-00210,OP-REB-01,L01,2026-08-03 12:21:56,12.98,2026-08-03 12:34:54.800
CAR-00211,OP-REB-03,L02,2026-08-03 12:36:22,8.36,2026-08-03 12:44:43.600
CAR-00212,OP-REB-05,L02,2026-08-03 12:39:29,10.61,2026-08-03 12:50:05.600
CAR-00213,OP-REB-05,L02,2026-08-03 12:56:15,8.33,2026-08-03 13:04:34.800
CAR-00214,OP-REB-06,L01,2026-08-03 13:37:15,14.34,2026-08-03 13:51:35.400
CAR-00215,OP-REB-08,L01,2026-08-03 13:52:19,15.17,2026-08-03 14:07:29.200
CAR-00216,OP-REB-05,L01,2026-08-03 14:37:41,13.56,2026-08-03 14:51:14.600
CAR-00217,OP-REB-01,L01,2026-08-03 14:46:06,10.03,2026-08-03 14:56:07.800
CAR-00218,OP-REB-05,L01,2026-08-03 14:47:31,14.96,2026-08-03 15:02:28.600
CAR-00219,OP-REB-03,L01,2026-08-03 14:50:15,11.49,2026-08-03 15:01:44.400
CAR-00220,OP-REB-04,L02,2026-08-03 15:09:28,9.57,2026-08-03 15:19:02.200
CAR-00221,OP-REB-08,L02,2026-08-03 15:21:27,10.07,2026-08-03 15:31:31.200
CAR-00222,OP-REB-07,L02,2026-08-03 15:46:30,11.14,2026-08-03 15:57:38.400
CAR-00223,OP-REB-05,L01,2026-08-03 16:50:30,12.1,2026-08-03 17:02:36.000
CAR-00224,OP-REB-02,L02,2026-08-03 17:19:27,11.68,2026-08-03 17:31:07.800
CAR-00225,OP-REB-06,L02,2026-08-03 17:25:20,9.17,2026-08-03 17:34:30.200
CAR-00226,OP-REB-06,L01,2026-08-03 17:25:45,14.43,2026-08-03 17:40:10.800
CAR-00227,OP-REB-06,L02,2026-08-03 17:27:00,11.7,2026-08-03 17:38:42.000
CAR-00228,OP-REB-09,L01,2026-08-03 17:44:08,10.57,2026-08-03 17:54:42.200
CAR-00229,OP-REB-08,L02,2026-08-03 17:50:00,14.22,2026-08-03 18:04:13.200
CAR-00230,OP-REB-08,L01,2026-08-03 18:20:15,9.63,2026-08-03 18:29:52.800
CAR-00231,OP-REB-01,L01,2026-08-03 18:21:25,8.74,2026-08-03 18:30:09.400
CAR-00232,OP-REB-05,L01,2026-08-03 18:50:55,14.54,2026-08-03 19:05:27.400
CAR-00233,OP-REB-07,L02,2026-08-03 19:09:29,15.78,2026-08-03 19:25:15.800
CAR-00234,OP-REB-06,L02,2026-08-03 19:54:26,11.08,2026-08-03 20:05:30.800
CAR-00235,OP-REB-05,L01,2026-08-03 20:15:37,11.91,2026-08-03 20:27:31.600
CAR-00236,OP-REB-08,L01,2026-08-03 20:24:55,9.71,2026-08-03 20:34:37.600
CAR-00237,OP-REB-03,L02,2026-08-03 20:30:19,12.01,2026-08-03 20:42:19.600
CAR-00238,OP-REB-06,L02,2026-08-03 20:30:49,11.05,2026-08-03 20:41:52.000
CAR-00239,OP-REB-05,L01,2026-08-03 20:34:41,11.8,2026-08-03 20:46:29.000
CAR-00240,OP-REB-08,L02,2026-08-03 21:08:06,12.82,2026-08-03 21:20:55.200
CAR-00241,OP-REB-04,L02,2026-08-03 21:18:17,9.8,2026-08-03 21:28:05.000
CAR-00242,OP-REB-08,L02,2026-08-03 21:21:11,11.28,2026-08-03 21:32:27.800
CAR-00243,OP-REB-02,L01,2026-08-03 21:28:24,8.39,2026-08-03 21:36:47.400
CAR-00244,OP-REB-09,L01,2026-08-03 21:29:36,11.29,2026-08-03 21:40:53.400
CAR-00245,OP-REB-09,L02,2026-08-03 21:38:24,11.81,2026-08-03 21:50:12.600
CAR-00246,OP-REB-06,L01,2026-08-03 21:56:43,12.46,2026-08-03 22:09:10.600
CAR-00247,OP-REB-04,L02,2026-08-03 22:25:15,12.48,2026-08-03 22:37:43.800
CAR-00248,OP-REB-04,L02,2026-08-03 22:38:52,13.81,2026-08-03 22:52:40.600
CAR-00249,OP-REB-06,L01,2026-08-03 22:56:22,8.92,2026-08-03 23:05:17.200
CAR-00250,OP-REB-05,L01,2026-08-03 23:06:26,9.03,2026-08-03 23:15:27.800
CAR-00251,OP-REB-06,L01,2026-08-04 01:35:06,13.06,2026-08-04 01:48:09.600
CAR-00252,OP-REB-07,L02,2026-08-04 01:36:13,7.92,2026-08-04 01:44:08.200
CAR-00253,OP-REB-07,L02,2026-08-04 01:59:21,12.37,2026-08-04 02:11:43.200
CAR-00254,OP-REB-09,L01,2026-08-04 02:12:26,9.64,2026-08-04 02:22:04.400
CAR-00255,OP-REB-08,L01,2026-08-04 03:04:43,15.15,2026-08-04 03:19:52.000
CAR-00256,OP-REB-06,L01,2026-08-04 03:17:54,12.5,2026-08-04 03:30:24.000
CAR-00257,OP-REB-06,L02,2026-08-04 03:29:55,11.56,2026-08-04 03:41:28.600
CAR-00258,OP-REB-05,L02,2026-08-04 03:41:15,14.46,2026-08-04 03:55:42.600
CAR-00259,OP-REB-01,L02,2026-08-04 03:49:11,9.87,2026-08-04 03:59:03.200
CAR-00260,OP-REB-09,L01,2026-08-04 03:50:51,10.25,2026-08-04 04:01:06.000
CAR-00261,OP-REB-09,L01,2026-08-04 03:51:32,9.48,2026-08-04 04:01:00.800
CAR-00262,OP-REB-09,L02,2026-08-04 03:52:17,10.27,2026-08-04 04:02:33.200
CAR-00263,OP-REB-08,L01,2026-08-04 03:58:44,12.12,2026-08-04 04:10:51.200
CAR-00264,OP-REB-03,L01,2026-08-04 04:24:50,12.99,2026-08-04 04:37:49.400
CAR-00265,OP-REB-01,L01,2026-08-04 04:40:44,13.92,2026-08-04 04:54:39.200
CAR-00266,OP-REB-08,L01,2026-08-04 05:15:08,8.35,2026-08-04 05:23:29.000
CAR-00267,OP-REB-07,L02,2026-08-04 05:34:41,11.66,2026-08-04 05:46:20.600
CAR-00268,OP-REB-05,L01,2026-08-04 05:48:37,9.78,2026-08-04 05:58:23.800
CAR-00269,OP-REB-07,L02,2026-08-04 06:09:07,11.59,2026-08-04 06:20:42.400
CAR-00270,OP-REB-04,L02,2026-08-04 06:15:16,16.67,2026-08-04 06:31:56.200
CAR-00271,OP-REB-09,L01,2026-08-04 06:28:30,12.58,2026-08-04 06:41:04.800
CAR-00272,OP-REB-02,L02,2026-08-04 07:23:43,13.8,2026-08-04 07:37:31.000
CAR-00273,OP-REB-09,L02,2026-08-04 07:28:20,15.92,2026-08-04 07:44:15.200
CAR-00274,OP-REB-09,L01,2026-08-04 07:49:58,14.25,2026-08-04 08:04:13.000
CAR-00275,OP-REB-05,L02,2026-08-04 08:35:12,11.1,2026-08-04 08:46:18.000
CAR-00276,OP-REB-01,L02,2026-08-04 08:40:54,9.45,2026-08-04 08:50:21.000
CAR-00277,OP-REB-07,L02,2026-08-04 08:45:14,11.94,2026-08-04 08:57:10.400
CAR-00278,OP-REB-04,L02,2026-08-04 08:52:16,10.86,2026-08-04 09:03:07.600
CAR-00279,OP-REB-09,L02,2026-08-04 09:00:40,8.95,2026-08-04 09:09:37.000
CAR-00280,OP-REB-06,L02,2026-08-04 09:14:06,12.48,2026-08-04 09:26:34.800
CAR-00281,OP-REB-03,L02,2026-08-04 09:30:30,12.53,2026-08-04 09:43:01.800
CAR-00282,OP-REB-06,L02,2026-08-04 09:30:36,15.54,2026-08-04 09:46:08.400
CAR-00283,OP-REB-06,L01,2026-08-04 09:32:47,11.28,2026-08-04 09:44:03.800
CAR-00284,OP-REB-05,L01,2026-08-04 10:35:09,12.56,2026-08-04 10:47:42.600
CAR-00285,OP-REB-02,L01,2026-08-04 11:16:07,10.67,2026-08-04 11:26:47.200
CAR-00286,OP-REB-02,L02,2026-08-04 11:33:35,13.75,2026-08-04 11:47:20.000
CAR-00287,OP-REB-07,L02,2026-08-04 11:54:26,11.75,2026-08-04 12:06:11.000
CAR-00288,OP-REB-02,L02,2026-08-04 12:00:52,9.65,2026-08-04 12:10:31.000
CAR-00289,OP-REB-06,L01,2026-08-04 12:12:50,11.97,2026-08-04 12:24:48.200
CAR-00290,OP-REB-05,L01,2026-08-04 12:20:17,12.78,2026-08-04 12:33:03.800
CAR-00291,OP-REB-04,L01,2026-08-04 12:24:32,12.51,2026-08-04 12:37:02.600
CAR-00292,OP-REB-07,L02,2026-08-04 12:32:42,14.09,2026-08-04 12:46:47.400
CAR-00293,OP-REB-08,L01,2026-08-04 12:48:27,9.1,2026-08-04 12:57:33.000
CAR-00294,OP-REB-04,L01,2026-08-04 13:07:01,10.31,2026-08-04 13:17:19.600
CAR-00295,OP-REB-01,L02,2026-08-04 13:19:15,13.28,2026-08-04 13:32:31.800
CAR-00296,OP-REB-01,L01,2026-08-04 13:48:33,10.55,2026-08-04 13:59:06.000
CAR-00297,OP-REB-01,L02,2026-08-04 14:05:16,12.48,2026-08-04 14:17:44.800
CAR-00298,OP-REB-01,L01,2026-08-04 14:13:10,7.16,2026-08-04 14:20:19.600
CAR-00299,OP-REB-05,L02,2026-08-04 14:14:19,17.43,2026-08-04 14:31:44.800
CAR-00300,OP-REB-04,L02,2026-08-04 14:16:38,11.46,2026-08-04 14:28:05.600
CAR-00301,OP-REB-09,L02,2026-08-04 14:18:22,14.39,2026-08-04 14:32:45.400
CAR-00302,OP-REB-03,L02,2026-08-04 14:29:28,11.33,2026-08-04 14:40:47.800
CAR-00303,OP-REB-07,L02,2026-08-04 14:49:58,12.83,2026-08-04 15:02:47.800
CAR-00304,OP-REB-08,L01,2026-08-04 15:38:14,14.98,2026-08-04 15:53:12.800
CAR-00305,OP-REB-06,L02,2026-08-04 16:48:10,14.33,2026-08-04 17:02:29.800
CAR-00306,OP-REB-01,L02,2026-08-04 16:55:12,11.59,2026-08-04 17:06:47.400
CAR-00307,OP-REB-08,L02,2026-08-04 17:01:11,11.73,2026-08-04 17:12:54.800
CAR-00308,OP-REB-03,L02,2026-08-04 17:31:49,14.01,2026-08-04 17:45:49.600
CAR-00309,OP-REB-08,L01,2026-08-04 17:40:07,16.67,2026-08-04 17:56:47.200
CAR-00310,OP-REB-04,L02,2026-08-04 17:56:26,12.38,2026-08-04 18:08:48.800
CAR-00311,OP-REB-08,L01,2026-08-04 18:30:24,15.91,2026-08-04 18:46:18.600
CAR-00312,OP-REB-01,L02,2026-08-04 18:44:22,11.52,2026-08-04 18:55:53.200
CAR-00313,OP-REB-03,L02,2026-08-04 19:01:34,13.9,2026-08-04 19:15:28.000
CAR-00314,OP-REB-06,L01,2026-08-04 19:43:43,14.2,2026-08-04 19:57:55.000
CAR-00315,OP-REB-09,L01,2026-08-04 20:12:55,11.18,2026-08-04 20:24:05.800
CAR-00316,OP-REB-02,L01,2026-08-04 20:39:15,10.51,2026-08-04 20:49:45.600
CAR-00317,OP-REB-01,L02,2026-08-04 20:39:15,14.29,2026-08-04 20:53:32.400
CAR-00318,OP-REB-03,L01,2026-08-04 20:44:10,10.94,2026-08-04 20:55:06.400
CAR-00319,OP-REB-04,L02,2026-08-04 21:43:46,10.21,2026-08-04 21:53:58.600
CAR-00320,OP-REB-05,L01,2026-08-04 21:50:05,10.63,2026-08-04 22:00:42.800
CAR-00321,OP-REB-03,L01,2026-08-04 22:01:55,10.93,2026-08-04 22:12:50.800
CAR-00322,OP-REB-02,L02,2026-08-04 22:09:08,13.71,2026-08-04 22:22:50.600
CAR-00323,OP-REB-02,L01,2026-08-04 22:10:28,13.03,2026-08-04 22:23:29.800
CAR-00324,OP-REB-07,L01,2026-08-04 22:12:17,13.43,2026-08-04 22:25:42.800
CAR-00325,OP-REB-09,L02,2026-08-04 22:17:55,12.84,2026-08-04 22:30:45.400
CAR-00326,OP-REB-02,L02,2026-08-04 22:26:48,10.81,2026-08-04 22:37:36.600
CAR-00327,OP-REB-07,L02,2026-08-04 22:52:52,13.39,2026-08-04 23:06:15.400
CAR-00328,OP-REB-07,L01,2026-08-04 23:13:04,14.36,2026-08-04 23:27:25.600
CAR-00329,OP-REB-07,L01,2026-08-04 23:41:58,13.17,2026-08-04 23:55:08.200
CAR-00330,OP-REB-03,L01,2026-08-04 23:49:50,12.9,2026-08-05 00:02:44.000
CAR-00331,OP-REB-07,L01,2026-08-05 00:15:12,10.47,2026-08-05 00:25:40.200
CAR-00332,OP-REB-01,L01,2026-08-05 00:48:36,12.42,2026-08-05 01:01:01.200
CAR-00333,OP-REB-01,L02,2026-08-05 00:50:25,10.36,2026-08-05 01:00:46.600
CAR-00334,OP-REB-05,L01,2026-08-05 00:51:09,11.95,2026-08-05 01:03:06.000
CAR-00335,OP-REB-02,L02,2026-08-05 00:55:04,8.72,2026-08-05 01:03:47.200
CAR-00336,OP-REB-09,L01,2026-08-05 00:55:59,8.73,2026-08-05 01:04:42.800
CAR-00337,OP-REB-07,L02,2026-08-05 01:29:25,11.62,2026-08-05 01:41:02.200
CAR-00338,OP-REB-04,L01,2026-08-05 01:53:37,10.9,2026-08-05 02:04:31.000
CAR-00339,OP-REB-04,L01,2026-08-05 01:55:04,12.21,2026-08-05 02:07:16.600
CAR-00340,OP-REB-02,L02,2026-08-05 02:06:33,11.73,2026-08-05 02:18:16.800
CAR-00341,OP-REB-05,L01,2026-08-05 03:11:24,12.06,2026-08-05 03:23:27.600
CAR-00342,OP-REB-04,L02,2026-08-05 03:29:45,13.22,2026-08-05 03:42:58.200
CAR-00343,OP-REB-01,L01,2026-08-05 03:50:27,11.07,2026-08-05 04:01:31.200
CAR-00344,OP-REB-08,L01,2026-08-05 04:56:55,11.56,2026-08-05 05:08:28.600
CAR-00345,OP-REB-03,L02,2026-08-05 05:13:06,14.91,2026-08-05 05:28:00.600
CAR-00346,OP-REB-06,L01,2026-08-05 05:17:34,12.01,2026-08-05 05:29:34.600
CAR-00347,OP-REB-04,L02,2026-08-05 05:45:10,11.64,2026-08-05 05:56:48.400
CAR-00348,OP-REB-09,L01,2026-08-05 05:47:35,12.17,2026-08-05 05:59:45.200
CAR-00349,OP-REB-07,L01,2026-08-05 05:54:26,11.68,2026-08-05 06:06:06.800
CAR-00350,OP-REB-09,L01,2026-08-05 06:34:57,10.58,2026-08-05 06:45:31.800
CAR-00351,OP-REB-03,L01,2026-08-05 06:35:39,10.0,2026-08-05 06:45:39.000
CAR-00352,OP-REB-01,L01,2026-08-05 06:50:19,10.47,2026-08-05 07:00:47.200
CAR-00353,OP-REB-05,L01,2026-08-05 07:34:39,13.75,2026-08-05 07:48:24.000
CAR-00354,OP-REB-03,L01,2026-08-05 08:08:19,10.74,2026-08-05 08:19:03.400
CAR-00355,OP-REB-06,L02,2026-08-05 08:46:52,11.69,2026-08-05 08:58:33.400
CAR-00356,OP-REB-08,L01,2026-08-05 09:38:10,13.4,2026-08-05 09:51:34.000
CAR-00357,OP-REB-04,L01,2026-08-05 10:57:56,11.44,2026-08-05 11:09:22.400
CAR-00358,OP-REB-05,L01,2026-08-05 11:12:39,13.27,2026-08-05 11:25:55.200
CAR-00359,OP-REB-05,L02,2026-08-05 12:07:34,8.92,2026-08-05 12:16:29.200
CAR-00360,OP-REB-04,L02,2026-08-05 13:13:36,11.73,2026-08-05 13:25:19.800
CAR-00361,OP-REB-04,L01,2026-08-05 13:18:51,12.16,2026-08-05 13:31:00.600
CAR-00362,OP-REB-04,L01,2026-08-05 13:46:56,12.05,2026-08-05 13:58:59.000
CAR-00363,OP-REB-04,L01,2026-08-05 14:05:05,8.69,2026-08-05 14:13:46.400
CAR-00364,OP-REB-04,L02,2026-08-05 14:52:19,14.41,2026-08-05 15:06:43.600
CAR-00365,OP-REB-05,L01,2026-08-05 14:57:24,10.29,2026-08-05 15:07:41.400
CAR-00366,OP-REB-02,L02,2026-08-05 15:02:45,12.67,2026-08-05 15:15:25.200
CAR-00367,OP-REB-02,L01,2026-08-05 15:08:00,12.02,2026-08-05 15:20:01.200
CAR-00368,OP-REB-09,L02,2026-08-05 15:14:52,14.01,2026-08-05 15:28:52.600
CAR-00369,OP-REB-02,L02,2026-08-05 15:33:09,16.37,2026-08-05 15:49:31.200
CAR-00370,OP-REB-06,L01,2026-08-05 16:18:49,9.42,2026-08-05 16:28:14.200
CAR-00371,OP-REB-02,L01,2026-08-05 16:25:52,10.7,2026-08-05 16:36:34.000
CAR-00372,OP-REB-05,L01,2026-08-05 16:38:54,12.38,2026-08-05 16:51:16.800
CAR-00373,OP-REB-04,L01,2026-08-05 17:09:37,9.79,2026-08-05 17:19:24.400
CAR-00374,OP-REB-07,L01,2026-08-05 17:12:05,13.56,2026-08-05 17:25:38.600
CAR-00375,OP-REB-07,L01,2026-08-05 17:16:33,13.69,2026-08-05 17:30:14.400
CAR-00376,OP-REB-06,L01,2026-08-05 17:23:14,13.12,2026-08-05 17:36:21.200
CAR-00377,OP-REB-05,L02,2026-08-05 17:45:52,12.47,2026-08-05 17:58:20.200
CAR-00378,OP-REB-01,L01,2026-08-05 17:47:56,14.74,2026-08-05 18:02:40.400
CAR-00379,OP-REB-03,L01,2026-08-05 17:52:29,9.69,2026-08-05 18:02:10.400
CAR-00380,OP-REB-09,L02,2026-08-05 17:56:30,12.13,2026-08-05 18:08:37.800
CAR-00381,OP-REB-01,L01,2026-08-05 18:13:13,10.52,2026-08-05 18:23:44.200
CAR-00382,OP-REB-05,L01,2026-08-05 18:19:14,13.78,2026-08-05 18:33:00.800
CAR-00383,OP-REB-02,L01,2026-08-05 18:31:59,8.33,2026-08-05 18:40:18.800
CAR-00384,OP-REB-04,L01,2026-08-05 18:55:36,11.94,2026-08-05 19:07:32.400
CAR-00385,OP-REB-01,L02,2026-08-05 19:27:10,12.67,2026-08-05 19:39:50.200
CAR-00386,OP-REB-03,L02,2026-08-05 19:31:14,10.11,2026-08-05 19:41:20.600
CAR-00387,OP-REB-07,L01,2026-08-05 19:35:40,10.75,2026-08-05 19:46:25.000
CAR-00388,OP-REB-03,L01,2026-08-05 19:36:23,12.03,2026-08-05 19:48:24.800
CAR-00389,OP-REB-04,L02,2026-08-05 20:28:30,13.91,2026-08-05 20:42:24.600
CAR-00390,OP-REB-02,L01,2026-08-05 21:16:13,9.93,2026-08-05 21:26:08.800
CAR-00391,OP-REB-03,L02,2026-08-05 21:38:16,10.28,2026-08-05 21:48:32.800
CAR-00392,OP-REB-09,L02,2026-08-05 21:38:41,14.25,2026-08-05 21:52:56.000
CAR-00393,OP-REB-03,L02,2026-08-05 21:51:30,11.45,2026-08-05 22:02:57.000
CAR-00394,OP-REB-05,L01,2026-08-05 21:52:12,10.44,2026-08-05 22:02:38.400
CAR-00395,OP-REB-02,L01,2026-08-05 21:58:01,13.46,2026-08-05 22:11:28.600
CAR-00396,OP-REB-04,L01,2026-08-05 21:58:02,11.02,2026-08-05 22:09:03.200
CAR-00397,OP-REB-07,L02,2026-08-05 21:58:39,14.05,2026-08-05 22:12:42.000
CAR-00398,OP-REB-07,L01,2026-08-05 22:02:02,10.67,2026-08-05 22:12:42.200
CAR-00399,OP-REB-03,L01,2026-08-05 22:26:12,11.68,2026-08-05 22:37:52.800
CAR-00400,OP-REB-05,L02,2026-08-05 22:43:24,13.89,2026-08-05 22:57:17.400
CAR-00401,OP-REB-01,L01,2026-08-05 22:58:36,11.55,2026-08-05 23:10:09.000
CAR-00402,OP-REB-01,L01,2026-08-05 23:53:15,13.51,2026-08-06 00:06:45.600
CAR-00403,OP-REB-05,L01,2026-08-06 01:10:00,11.87,2026-08-06 01:21:52.200
CAR-00404,OP-REB-09,L02,2026-08-06 01:16:48,15.96,2026-08-06 01:32:45.600
CAR-00405,OP-REB-01,L01,2026-08-06 01:23:04,15.14,2026-08-06 01:38:12.400
CAR-00406,OP-REB-01,L02,2026-08-06 01:48:00,9.34,2026-08-06 01:57:20.400
CAR-00407,OP-REB-04,L02,2026-08-06 01:49:38,13.04,2026-08-06 02:02:40.400
CAR-00408,OP-REB-04,L02,2026-08-06 02:07:14,10.37,2026-08-06 02:17:36.200
CAR-00409,OP-REB-02,L01,2026-08-06 02:24:25,12.38,2026-08-06 02:36:47.800
CAR-00410,OP-REB-09,L01,2026-08-06 03:00:40,12.14,2026-08-06 03:12:48.400
CAR-00411,OP-REB-09,L01,2026-08-06 03:39:30,9.89,2026-08-06 03:49:23.400
CAR-00412,OP-REB-02,L02,2026-08-06 03:50:26,14.12,2026-08-06 04:04:33.200
CAR-00413,OP-REB-09,L02,2026-08-06 04:12:03,12.41,2026-08-06 04:24:27.600
CAR-00414,OP-REB-06,L01,2026-08-06 04:25:46,11.43,2026-08-06 04:37:11.800
CAR-00415,OP-REB-08,L02,2026-08-06 04:32:32,11.12,2026-08-06 04:43:39.200
CAR-00416,OP-REB-04,L01,2026-08-06 04:43:07,12.28,2026-08-06 04:55:23.800
CAR-00417,OP-REB-02,L01,2026-08-06 05:09:48,12.82,2026-08-06 05:22:37.200
CAR-00418,OP-REB-02,L01,2026-08-06 05:49:34,11.75,2026-08-06 06:01:19.000
CAR-00419,OP-REB-09,L01,2026-08-06 05:50:13,6.33,2026-08-06 05:56:32.800
CAR-00420,OP-REB-01,L01,2026-08-06 05:55:34,12.03,2026-08-06 06:07:35.800
CAR-00421,OP-REB-07,L01,2026-08-06 06:30:16,9.12,2026-08-06 06:39:23.200
CAR-00422,OP-REB-03,L01,2026-08-06 06:57:03,11.58,2026-08-06 07:08:37.800
CAR-00423,OP-REB-03,L02,2026-08-06 07:01:24,9.19,2026-08-06 07:10:35.400
CAR-00424,OP-REB-02,L01,2026-08-06 07:51:01,9.17,2026-08-06 08:00:11.200
CAR-00425,OP-REB-06,L02,2026-08-06 07:52:54,14.47,2026-08-06 08:07:22.200
CAR-00426,OP-REB-02,L02,2026-08-06 08:09:52,11.36,2026-08-06 08:21:13.600
CAR-00427,OP-REB-04,L01,2026-08-06 08:47:41,11.21,2026-08-06 08:58:53.600
CAR-00428,OP-REB-09,L02,2026-08-06 09:02:19,12.97,2026-08-06 09:15:17.200
CAR-00429,OP-REB-09,L02,2026-08-06 09:03:51,11.26,2026-08-06 09:15:06.600
CAR-00430,OP-REB-06,L02,2026-08-06 09:19:05,16.21,2026-08-06 09:35:17.600
CAR-00431,OP-REB-04,L01,2026-08-06 09:23:11,11.45,2026-08-06 09:34:38.000
CAR-00432,OP-REB-07,L01,2026-08-06 09:38:21,12.73,2026-08-06 09:51:04.800
CAR-00433,OP-REB-01,L01,2026-08-06 09:42:57,13.94,2026-08-06 09:56:53.400
CAR-00434,OP-REB-04,L01,2026-08-06 10:19:16,15.2,2026-08-06 10:34:28.000
CAR-00435,OP-REB-05,L01,2026-08-06 10:32:25,10.52,2026-08-06 10:42:56.200
CAR-00436,OP-REB-08,L02,2026-08-06 10:37:05,11.16,2026-08-06 10:48:14.600
CAR-00437,OP-REB-02,L02,2026-08-06 10:43:02,14.55,2026-08-06 10:57:35.000
CAR-00438,OP-REB-05,L01,2026-08-06 10:49:55,13.62,2026-08-06 11:03:32.200
CAR-00439,OP-REB-06,L02,2026-08-06 11:15:30,14.15,2026-08-06 11:29:39.000
CAR-00440,OP-REB-05,L02,2026-08-06 11:19:17,9.26,2026-08-06 11:28:32.600
CAR-00441,OP-REB-09,L02,2026-08-06 13:18:18,15.1,2026-08-06 13:33:24.000
CAR-00442,OP-REB-01,L02,2026-08-06 13:34:57,10.48,2026-08-06 13:45:25.800
CAR-00443,OP-REB-03,L01,2026-08-06 13:54:54,12.38,2026-08-06 14:07:16.800
CAR-00444,OP-REB-02,L01,2026-08-06 14:07:23,11.7,2026-08-06 14:19:05.000
CAR-00445,OP-REB-03,L01,2026-08-06 14:20:52,10.24,2026-08-06 14:31:06.400
CAR-00446,OP-REB-09,L02,2026-08-06 14:33:05,9.17,2026-08-06 14:42:15.200
CAR-00447,OP-REB-09,L02,2026-08-06 14:43:09,8.51,2026-08-06 14:51:39.600
CAR-00448,OP-REB-02,L01,2026-08-06 14:45:47,12.24,2026-08-06 14:58:01.400
CAR-00449,OP-REB-03,L01,2026-08-06 14:45:56,8.95,2026-08-06 14:54:53.000
CAR-00450,OP-REB-04,L02,2026-08-06 14:54:31,9.73,2026-08-06 15:04:14.800
CAR-00451,OP-REB-09,L01,2026-08-06 15:22:37,11.56,2026-08-06 15:34:10.600
CAR-00452,OP-REB-03,L01,2026-08-06 15:29:12,6.72,2026-08-06 15:35:55.200
CAR-00453,OP-REB-07,L02,2026-08-06 15:38:45,13.56,2026-08-06 15:52:18.600
CAR-00454,OP-REB-03,L02,2026-08-06 15:43:30,7.18,2026-08-06 15:50:40.800
CAR-00455,OP-REB-07,L01,2026-08-06 16:04:36,11.85,2026-08-06 16:16:27.000
CAR-00456,OP-REB-07,L02,2026-08-06 16:40:52,12.03,2026-08-06 16:52:53.800
CAR-00457,OP-REB-09,L01,2026-08-06 16:51:22,13.08,2026-08-06 17:04:26.800
CAR-00458,OP-REB-02,L02,2026-08-06 17:12:07,11.92,2026-08-06 17:24:02.200
CAR-00459,OP-REB-06,L02,2026-08-06 18:31:35,16.04,2026-08-06 18:47:37.400
CAR-00460,OP-REB-09,L01,2026-08-06 18:46:47,12.43,2026-08-06 18:59:12.800
CAR-00461,OP-REB-02,L02,2026-08-06 18:54:06,14.11,2026-08-06 19:08:12.600
CAR-00462,OP-REB-02,L01,2026-08-06 19:20:47,10.55,2026-08-06 19:31:20.000
CAR-00463,OP-REB-05,L02,2026-08-06 19:48:00,12.24,2026-08-06 20:00:14.400
CAR-00464,OP-REB-08,L01,2026-08-06 20:28:10,15.1,2026-08-06 20:43:16.000
CAR-00465,OP-REB-09,L02,2026-08-06 20:33:30,11.52,2026-08-06 20:45:01.200
CAR-00466,OP-REB-02,L02,2026-08-06 20:40:14,12.38,2026-08-06 20:52:36.800
CAR-00467,OP-REB-05,L01,2026-08-06 21:04:35,13.96,2026-08-06 21:18:32.600
CAR-00468,OP-REB-07,L02,2026-08-06 21:13:19,10.52,2026-08-06 21:23:50.200
CAR-00469,OP-REB-06,L01,2026-08-06 21:25:10,7.68,2026-08-06 21:32:50.800
CAR-00470,OP-REB-06,L02,2026-08-06 21:28:09,12.51,2026-08-06 21:40:39.600
CAR-00471,OP-REB-07,L02,2026-08-06 21:33:31,13.98,2026-08-06 21:47:29.800
CAR-00472,OP-REB-03,L01,2026-08-06 21:49:32,9.3,2026-08-06 21:58:50.000
CAR-00473,OP-REB-03,L02,2026-08-06 21:59:30,13.34,2026-08-06 22:12:50.400
CAR-00474,OP-REB-09,L02,2026-08-06 22:00:26,13.35,2026-08-06 22:13:47.000
CAR-00475,OP-REB-08,L01,2026-08-06 22:07:22,7.45,2026-08-06 22:14:49.000
CAR-00476,OP-REB-05,L02,2026-08-06 22:23:56,10.13,2026-08-06 22:34:03.800
CAR-00477,OP-REB-06,L01,2026-08-06 22:24:32,11.21,2026-08-06 22:35:44.600
CAR-00478,OP-REB-01,L01,2026-08-06 22:27:14,11.64,2026-08-06 22:38:52.400
CAR-00479,OP-REB-01,L01,2026-08-06 23:12:28,10.51,2026-08-06 23:22:58.600
CAR-00480,OP-REB-04,L02,2026-08-06 23:23:12,10.41,2026-08-06 23:33:36.600
CAR-00481,OP-REB-02,L02,2026-08-06 23:59:18,15.34,2026-08-07 00:14:38.400
CAR-00482,OP-REB-07,L01,2026-08-07 00:12:42,11.78,2026-08-07 00:24:28.800
CAR-00483,OP-REB-02,L02,2026-08-07 00:31:56,10.61,2026-08-07 00:42:32.600
CAR-00484,OP-REB-02,L01,2026-08-07 00:34:23,11.92,2026-08-07 00:46:18.200
CAR-00485,OP-REB-05,L02,2026-08-07 00:34:30,13.07,2026-08-07 00:47:34.200
CAR-00486,OP-REB-04,L01,2026-08-07 00:37:26,12.1,2026-08-07 00:49:32.000
CAR-00487,OP-REB-08,L01,2026-08-07 00:51:16,11.59,2026-08-07 01:02:51.400
CAR-00488,OP-REB-04,L02,2026-08-07 00:58:35,10.7,2026-08-07 01:09:17.000
CAR-00489,OP-REB-06,L01,2026-08-07 01:12:37,10.68,2026-08-07 01:23:17.800
CAR-00490,OP-REB-05,L01,2026-08-07 01:12:54,10.8,2026-08-07 01:23:42.000
CAR-00491,OP-REB-02,L02,2026-08-07 01:33:40,12.68,2026-08-07 01:46:20.800
CAR-00492,OP-REB-08,L01,2026-08-07 02:06:49,10.01,2026-08-07 02:16:49.600
CAR-00493,OP-REB-02,L01,2026-08-07 02:16:39,12.79,2026-08-07 02:29:26.400
CAR-00494,OP-REB-09,L02,2026-08-07 02:32:30,14.83,2026-08-07 02:47:19.800
CAR-00495,OP-REB-09,L01,2026-08-07 02:34:39,12.65,2026-08-07 02:47:18.000
CAR-00496,OP-REB-03,L01,2026-08-07 03:09:13,11.26,2026-08-07 03:20:28.600
CAR-00497,OP-REB-04,L01,2026-08-07 03:58:03,9.4,2026-08-07 04:07:27.000
CAR-00498,OP-REB-08,L01,2026-08-07 04:03:31,15.16,2026-08-07 04:18:40.600
CAR-00499,OP-REB-09,L01,2026-08-07 05:26:49,9.66,2026-08-07 05:36:28.600
CAR-00500,OP-REB-03,L01,2026-08-07 05:29:55,13.7,2026-08-07 05:43:37.000
CAR-00501,OP-REB-05,L01,2026-08-07 05:32:51,13.28,2026-08-07 05:46:07.800
CAR-00502,OP-REB-08,L01,2026-08-07 05:41:53,11.53,2026-08-07 05:53:24.800
CAR-00503,OP-REB-03,L02,2026-08-07 05:59:09,11.47,2026-08-07 06:10:37.200
CAR-00504,OP-REB-07,L01,2026-08-07 06:22:57,8.33,2026-08-07 06:31:16.800
CAR-00505,OP-REB-08,L01,2026-08-07 06:59:58,12.66,2026-08-07 07:12:37.600
CAR-00506,OP-REB-03,L02,2026-08-07 07:04:04,13.24,2026-08-07 07:17:18.400
CAR-00507,OP-REB-02,L01,2026-08-07 07:52:14,9.82,2026-08-07 08:02:03.200
CAR-00508,OP-REB-07,L01,2026-08-07 07:55:03,11.69,2026-08-07 08:06:44.400
CAR-00509,OP-REB-09,L01,2026-08-07 08:03:50,12.08,2026-08-07 08:15:54.800
CAR-00510,OP-REB-01,L01,2026-08-07 08:04:53,13.17,2026-08-07 08:18:03.200
CAR-00511,OP-REB-03,L01,2026-08-07 08:12:18,12.01,2026-08-07 08:24:18.600
CAR-00512,OP-REB-05,L01,2026-08-07 08:21:01,8.75,2026-08-07 08:29:46.000
CAR-00513,OP-REB-03,L02,2026-08-07 08:23:55,10.94,2026-08-07 08:34:51.400
CAR-00514,OP-REB-01,L02,2026-08-07 08:42:58,12.45,2026-08-07 08:55:25.000
CAR-00515,OP-REB-07,L02,2026-08-07 08:47:03,13.68,2026-08-07 09:00:43.800
CAR-00516,OP-REB-07,L02,2026-08-07 09:05:25,10.76,2026-08-07 09:16:10.600
CAR-00517,OP-REB-08,L02,2026-08-07 09:43:51,16.38,2026-08-07 10:00:13.800
CAR-00518,OP-REB-05,L01,2026-08-07 09:51:35,8.21,2026-08-07 09:59:47.600
CAR-00519,OP-REB-05,L01,2026-08-07 10:13:56,10.87,2026-08-07 10:24:48.200
CAR-00520,OP-REB-05,L01,2026-08-07 10:20:03,11.83,2026-08-07 10:31:52.800
CAR-00521,OP-REB-01,L01,2026-08-07 10:47:06,11.6,2026-08-07 10:58:42.000
CAR-00522,OP-REB-05,L01,2026-08-07 10:57:06,9.54,2026-08-07 11:06:38.400
CAR-00523,OP-REB-06,L02,2026-08-07 11:00:37,12.9,2026-08-07 11:13:31.000
CAR-00524,OP-REB-01,L02,2026-08-07 11:13:18,12.74,2026-08-07 11:26:02.400
CAR-00525,OP-REB-07,L01,2026-08-07 11:37:25,12.1,2026-08-07 11:49:31.000
CAR-00526,OP-REB-01,L01,2026-08-07 11:41:24,12.66,2026-08-07 11:54:03.600
CAR-00527,OP-REB-02,L01,2026-08-07 12:10:59,11.15,2026-08-07 12:22:08.000
CAR-00528,OP-REB-02,L02,2026-08-07 12:11:17,8.77,2026-08-07 12:20:03.200
CAR-00529,OP-REB-05,L02,2026-08-07 12:20:52,10.57,2026-08-07 12:31:26.200
CAR-00530,OP-REB-07,L01,2026-08-07 12:27:36,12.31,2026-08-07 12:39:54.600
CAR-00531,OP-REB-01,L02,2026-08-07 12:33:35,12.33,2026-08-07 12:45:54.800
CAR-00532,OP-REB-01,L01,2026-08-07 12:38:55,12.08,2026-08-07 12:50:59.800
CAR-00533,OP-REB-01,L02,2026-08-07 12:43:21,13.1,2026-08-07 12:56:27.000
CAR-00534,OP-REB-06,L02,2026-08-07 12:55:51,10.84,2026-08-07 13:06:41.400
CAR-00535,OP-REB-02,L01,2026-08-07 13:40:15,12.05,2026-08-07 13:52:18.000
CAR-00536,OP-REB-01,L02,2026-08-07 13:43:57,13.14,2026-08-07 13:57:05.400
CAR-00537,OP-REB-06,L02,2026-08-07 14:13:13,11.83,2026-08-07 14:25:02.800
CAR-00538,OP-REB-02,L01,2026-08-07 14:28:04,9.51,2026-08-07 14:37:34.600
CAR-00539,OP-REB-06,L02,2026-08-07 14:32:28,10.08,2026-08-07 14:42:32.800
CAR-00540,OP-REB-08,L01,2026-08-07 14:33:59,13.66,2026-08-07 14:47:38.600
CAR-00541,OP-REB-02,L02,2026-08-07 14:50:22,14.78,2026-08-07 15:05:08.800
CAR-00542,OP-REB-09,L01,2026-08-07 15:27:47,14.35,2026-08-07 15:42:08.000
CAR-00543,OP-REB-08,L01,2026-08-07 15:35:59,12.46,2026-08-07 15:48:26.600
CAR-00544,OP-REB-01,L02,2026-08-07 15:42:23,9.59,2026-08-07 15:51:58.400
CAR-00545,OP-REB-07,L02,2026-08-07 15:59:59,11.99,2026-08-07 16:11:58.400
CAR-00546,OP-REB-06,L01,2026-08-07 16:03:14,15.12,2026-08-07 16:18:21.200
CAR-00547,OP-REB-06,L02,2026-08-07 16:17:42,13.24,2026-08-07 16:30:56.400
CAR-00548,OP-REB-06,L02,2026-08-07 16:20:55,11.59,2026-08-07 16:32:30.400
CAR-00549,OP-REB-06,L02,2026-08-07 16:28:30,13.26,2026-08-07 16:41:45.600
CAR-00550,OP-REB-07,L01,2026-08-07 16:38:21,9.46,2026-08-07 16:47:48.600
CAR-00551,OP-REB-03,L01,2026-08-07 17:03:41,10.61,2026-08-07 17:14:17.600
CAR-00552,OP-REB-06,L01,2026-08-07 17:15:24,9.83,2026-08-07 17:25:13.800
CAR-00553,OP-REB-03,L02,2026-08-07 17:28:43,12.94,2026-08-07 17:41:39.400
CAR-00554,OP-REB-07,L02,2026-08-07 17:44:56,13.43,2026-08-07 17:58:21.800
CAR-00555,OP-REB-07,L01,2026-08-07 17:52:45,11.69,2026-08-07 18:04:26.400
CAR-00556,OP-REB-08,L01,2026-08-07 18:01:12,10.25,2026-08-07 18:11:27.000
CAR-00557,OP-REB-02,L02,2026-08-07 18:51:18,11.96,2026-08-07 19:03:15.600
CAR-00558,OP-REB-09,L02,2026-08-07 18:51:25,11.03,2026-08-07 19:02:26.800
CAR-00559,OP-REB-05,L02,2026-08-07 19:14:48,10.41,2026-08-07 19:25:12.600
CAR-00560,OP-REB-09,L02,2026-08-07 19:29:16,12.68,2026-08-07 19:41:56.800
CAR-00561,OP-REB-05,L01,2026-08-07 20:27:31,10.48,2026-08-07 20:37:59.800
CAR-00562,OP-REB-07,L02,2026-08-07 20:38:27,8.87,2026-08-07 20:47:19.200
CAR-00563,OP-REB-09,L02,2026-08-07 20:47:30,9.31,2026-08-07 20:56:48.600
CAR-00564,OP-REB-04,L01,2026-08-07 20:56:52,8.79,2026-08-07 21:05:39.400
CAR-00565,OP-REB-02,L01,2026-08-07 21:05:35,12.5,2026-08-07 21:18:05.000
CAR-00566,OP-REB-09,L02,2026-08-07 21:10:44,12.3,2026-08-07 21:23:02.000
CAR-00567,OP-REB-02,L01,2026-08-07 21:13:09,12.2,2026-08-07 21:25:21.000
CAR-00568,OP-REB-03,L02,2026-08-07 21:17:21,13.18,2026-08-07 21:30:31.800
CAR-00569,OP-REB-02,L02,2026-08-07 21:21:35,14.38,2026-08-07 21:35:57.800
CAR-00570,OP-REB-03,L01,2026-08-07 21:47:58,10.82,2026-08-07 21:58:47.200
CAR-00571,OP-REB-06,L01,2026-08-07 23:04:39,12.81,2026-08-07 23:17:27.600
CAR-00572,OP-REB-03,L02,2026-08-08 00:49:06,8.84,2026-08-08 00:57:56.400
CAR-00573,OP-REB-08,L01,2026-08-08 01:05:00,14.76,2026-08-08 01:19:45.600
CAR-00574,OP-REB-06,L02,2026-08-08 01:22:38,9.51,2026-08-08 01:32:08.600
CAR-00575,OP-REB-07,L02,2026-08-08 01:26:05,10.58,2026-08-08 01:36:39.800
CAR-00576,OP-REB-01,L02,2026-08-08 01:29:39,10.8,2026-08-08 01:40:27.000
CAR-00577,OP-REB-03,L01,2026-08-08 02:20:52,8.95,2026-08-08 02:29:49.000
CAR-00578,OP-REB-03,L02,2026-08-08 02:53:06,12.07,2026-08-08 03:05:10.200
CAR-00579,OP-REB-02,L02,2026-08-08 03:05:05,12.43,2026-08-08 03:17:30.800
CAR-00580,OP-REB-07,L02,2026-08-08 03:10:04,11.62,2026-08-08 03:21:41.200
CAR-00581,OP-REB-09,L01,2026-08-08 03:39:47,8.92,2026-08-08 03:48:42.200
CAR-00582,OP-REB-04,L02,2026-08-08 03:53:38,15.97,2026-08-08 04:09:36.200
CAR-00583,OP-REB-05,L02,2026-08-08 04:04:57,13.1,2026-08-08 04:18:03.000
CAR-00584,OP-REB-03,L02,2026-08-08 04:48:50,17.27,2026-08-08 05:06:06.200
CAR-00585,OP-REB-09,L01,2026-08-08 05:31:43,10.39,2026-08-08 05:42:06.400
CAR-00586,OP-REB-04,L02,2026-08-08 05:52:45,13.92,2026-08-08 06:06:40.200
CAR-00587,OP-REB-05,L02,2026-08-08 06:10:09,13.56,2026-08-08 06:23:42.600
CAR-00588,OP-REB-01,L01,2026-08-08 06:50:12,11.42,2026-08-08 07:01:37.200
CAR-00589,OP-REB-02,L01,2026-08-08 07:05:46,14.82,2026-08-08 07:20:35.200
CAR-00590,OP-REB-09,L02,2026-08-08 07:26:36,11.19,2026-08-08 07:37:47.400
CAR-00591,OP-REB-02,L02,2026-08-08 07:46:53,11.28,2026-08-08 07:58:09.800
CAR-00592,OP-REB-05,L02,2026-08-08 08:02:01,5.06,2026-08-08 08:07:04.600
CAR-00593,OP-REB-08,L01,2026-08-08 08:46:45,12.82,2026-08-08 08:59:34.200
CAR-00594,OP-REB-03,L01,2026-08-08 09:00:50,9.35,2026-08-08 09:10:11.000
CAR-00595,OP-REB-06,L02,2026-08-08 09:07:16,10.9,2026-08-08 09:18:10.000
CAR-00596,OP-REB-04,L01,2026-08-08 09:15:29,9.95,2026-08-08 09:25:26.000
CAR-00597,OP-REB-07,L02,2026-08-08 09:47:47,11.27,2026-08-08 09:59:03.200
CAR-00598,OP-REB-03,L02,2026-08-08 09:56:32,12.89,2026-08-08 10:09:25.400
CAR-00599,OP-REB-06,L01,2026-08-08 10:02:49,12.02,2026-08-08 10:14:50.200
CAR-00600,OP-REB-09,L02,2026-08-08 10:56:45,13.42,2026-08-08 11:10:10.200
CAR-00601,OP-REB-01,L01,2026-08-08 11:01:33,14.53,2026-08-08 11:16:04.800
CAR-00602,OP-REB-03,L01,2026-08-08 11:27:26,11.26,2026-08-08 11:38:41.600
CAR-00603,OP-REB-02,L02,2026-08-08 11:32:51,11.04,2026-08-08 11:43:53.400
CAR-00604,OP-REB-08,L01,2026-08-08 11:54:05,13.92,2026-08-08 12:08:00.200
CAR-00605,OP-REB-07,L02,2026-08-08 12:41:01,14.07,2026-08-08 12:55:05.200
CAR-00606,OP-REB-02,L01,2026-08-08 12:44:45,13.48,2026-08-08 12:58:13.800
CAR-00607,OP-REB-06,L02,2026-08-08 13:04:25,10.1,2026-08-08 13:14:31.000
CAR-00608,OP-REB-03,L02,2026-08-08 13:37:39,12.85,2026-08-08 13:50:30.000
CAR-00609,OP-REB-08,L02,2026-08-08 13:42:23,12.22,2026-08-08 13:54:36.200
CAR-00610,OP-REB-03,L01,2026-08-08 14:08:42,14.11,2026-08-08 14:22:48.600
CAR-00611,OP-REB-09,L02,2026-08-08 14:14:17,10.85,2026-08-08 14:25:08.000
CAR-00612,OP-REB-01,L01,2026-08-08 14:18:56,8.67,2026-08-08 14:27:36.200
CAR-00613,OP-REB-05,L01,2026-08-08 14:33:25,13.38,2026-08-08 14:46:47.800
CAR-00614,OP-REB-03,L01,2026-08-08 15:19:47,6.88,2026-08-08 15:26:39.800
CAR-00615,OP-REB-06,L01,2026-08-08 15:27:53,10.54,2026-08-08 15:38:25.400
CAR-00616,OP-REB-02,L01,2026-08-08 15:34:42,9.95,2026-08-08 15:44:39.000
CAR-00617,OP-REB-09,L02,2026-08-08 15:47:33,9.94,2026-08-08 15:57:29.400
CAR-00618,OP-REB-06,L01,2026-08-08 16:05:47,10.5,2026-08-08 16:16:17.000
CAR-00619,OP-REB-07,L02,2026-08-08 17:13:08,14.43,2026-08-08 17:27:33.800
CAR-00620,OP-REB-05,L02,2026-08-08 17:14:23,13.64,2026-08-08 17:28:01.400
CAR-00621,OP-REB-09,L01,2026-08-08 17:43:28,11.5,2026-08-08 17:54:58.000
CAR-00622,OP-REB-01,L02,2026-08-08 17:48:16,14.27,2026-08-08 18:02:32.200
CAR-00623,OP-REB-05,L02,2026-08-08 18:02:23,9.88,2026-08-08 18:12:15.800
CAR-00624,OP-REB-06,L01,2026-08-08 18:05:07,9.6,2026-08-08 18:14:43.000
CAR-00625,OP-REB-07,L02,2026-08-08 18:19:10,13.73,2026-08-08 18:32:53.800
CAR-00626,OP-REB-04,L01,2026-08-08 18:36:39,13.16,2026-08-08 18:49:48.600
CAR-00627,OP-REB-01,L01,2026-08-08 18:40:19,11.08,2026-08-08 18:51:23.800
CAR-00628,OP-REB-08,L01,2026-08-08 18:56:46,9.73,2026-08-08 19:06:29.800
CAR-00629,OP-REB-04,L02,2026-08-08 19:14:25,14.92,2026-08-08 19:29:20.200
CAR-00630,OP-REB-03,L02,2026-08-08 19:39:43,8.56,2026-08-08 19:48:16.600
CAR-00631,OP-REB-07,L02,2026-08-08 19:40:37,10.8,2026-08-08 19:51:25.000
CAR-00632,OP-REB-02,L02,2026-08-08 19:53:31,12.46,2026-08-08 20:05:58.600
CAR-00633,OP-REB-08,L01,2026-08-08 20:25:02,15.6,2026-08-08 20:40:38.000
CAR-00634,OP-REB-06,L01,2026-08-08 20:28:04,12.77,2026-08-08 20:40:50.200
CAR-00635,OP-REB-07,L02,2026-08-08 20:29:11,12.96,2026-08-08 20:42:08.600
CAR-00636,OP-REB-05,L01,2026-08-08 20:46:43,10.86,2026-08-08 20:57:34.600
CAR-00637,OP-REB-09,L02,2026-08-08 21:02:36,13.14,2026-08-08 21:15:44.400
CAR-00638,OP-REB-05,L01,2026-08-08 21:35:02,12.21,2026-08-08 21:47:14.600
CAR-00639,OP-REB-05,L01,2026-08-08 21:46:54,8.82,2026-08-08 21:55:43.200
CAR-00640,OP-REB-03,L01,2026-08-08 21:46:56,13.59,2026-08-08 22:00:31.400
CAR-00641,OP-REB-01,L01,2026-08-08 21:55:43,13.94,2026-08-08 22:09:39.400
CAR-00642,OP-REB-02,L01,2026-08-08 22:06:24,13.61,2026-08-08 22:20:00.600
CAR-00643,OP-REB-08,L02,2026-08-08 22:21:29,12.07,2026-08-08 22:33:33.200
CAR-00644,OP-REB-01,L02,2026-08-08 22:27:56,10.09,2026-08-08 22:38:01.400
CAR-00645,OP-REB-07,L01,2026-08-08 22:29:40,7.38,2026-08-08 22:37:02.800
CAR-00646,OP-REB-05,L02,2026-08-08 22:34:28,12.31,2026-08-08 22:46:46.600
CAR-00647,OP-REB-03,L01,2026-08-08 22:41:57,14.16,2026-08-08 22:56:06.600
CAR-00648,OP-REB-07,L01,2026-08-08 23:02:45,13.99,2026-08-08 23:16:44.400
CAR-00649,OP-REB-09,L01,2026-08-08 23:05:26,13.63,2026-08-08 23:19:03.800
CAR-00650,OP-REB-02,L01,2026-08-08 23:16:37,11.85,2026-08-08 23:28:28.000
CAR-00651,OP-REB-08,L02,2026-08-08 23:28:09,14.17,2026-08-08 23:42:19.200
CAR-00652,OP-REB-09,L01,2026-08-08 23:37:14,13.85,2026-08-08 23:51:05.000
CAR-00653,OP-REB-03,L02,2026-08-08 23:40:06,11.15,2026-08-08 23:51:15.000
CAR-00654,OP-REB-02,L01,2026-08-08 23:45:55,13.35,2026-08-08 23:59:16.000
CAR-00655,OP-REB-07,L01,2026-08-09 00:18:08,10.93,2026-08-09 00:29:03.800
CAR-00656,OP-REB-05,L02,2026-08-09 01:38:30,13.08,2026-08-09 01:51:34.800
CAR-00657,OP-REB-05,L01,2026-08-09 01:47:02,9.4,2026-08-09 01:56:26.000
CAR-00658,OP-REB-05,L01,2026-08-09 02:24:10,9.56,2026-08-09 02:33:43.600
CAR-00659,OP-REB-04,L02,2026-08-09 02:32:38,14.12,2026-08-09 02:46:45.200
CAR-00660,OP-REB-05,L02,2026-08-09 02:34:01,13.88,2026-08-09 02:47:53.800
CAR-00661,OP-REB-04,L02,2026-08-09 02:41:30,13.27,2026-08-09 02:54:46.200
CAR-00662,OP-REB-06,L01,2026-08-09 02:43:38,12.18,2026-08-09 02:55:48.800
CAR-00663,OP-REB-04,L01,2026-08-09 02:46:14,7.22,2026-08-09 02:53:27.200
CAR-00664,OP-REB-02,L02,2026-08-09 03:21:09,11.85,2026-08-09 03:33:00.000
CAR-00665,OP-REB-09,L02,2026-08-09 03:36:08,12.91,2026-08-09 03:49:02.600
CAR-00666,OP-REB-02,L01,2026-08-09 03:50:04,10.93,2026-08-09 04:00:59.800
CAR-00667,OP-REB-09,L01,2026-08-09 04:49:36,10.58,2026-08-09 05:00:10.800
CAR-00668,OP-REB-06,L02,2026-08-09 04:56:49,14.89,2026-08-09 05:11:42.400
CAR-00669,OP-REB-09,L02,2026-08-09 05:08:25,11.88,2026-08-09 05:20:17.800
CAR-00670,OP-REB-09,L02,2026-08-09 05:18:45,12.91,2026-08-09 05:31:39.600
CAR-00671,OP-REB-03,L02,2026-08-09 05:29:36,13.55,2026-08-09 05:43:09.000
CAR-00672,OP-REB-01,L01,2026-08-09 05:32:36,10.0,2026-08-09 05:42:36.000
CAR-00673,OP-REB-01,L01,2026-08-09 05:39:04,12.39,2026-08-09 05:51:27.400
CAR-00674,OP-REB-03,L01,2026-08-09 05:48:13,14.64,2026-08-09 06:02:51.400
CAR-00675,OP-REB-05,L01,2026-08-09 05:55:07,15.64,2026-08-09 06:10:45.400
CAR-00676,OP-REB-03,L02,2026-08-09 05:58:15,12.08,2026-08-09 06:10:19.800
CAR-00677,OP-REB-09,L01,2026-08-09 06:09:17,11.52,2026-08-09 06:20:48.200
CAR-00678,OP-REB-09,L02,2026-08-09 06:30:45,12.54,2026-08-09 06:43:17.400
CAR-00679,OP-REB-03,L01,2026-08-09 07:01:32,12.49,2026-08-09 07:14:01.400
CAR-00680,OP-REB-03,L01,2026-08-09 07:25:58,14.77,2026-08-09 07:40:44.200
CAR-00681,OP-REB-05,L01,2026-08-09 07:53:22,10.01,2026-08-09 08:03:22.600
CAR-00682,OP-REB-02,L02,2026-08-09 07:56:08,11.44,2026-08-09 08:07:34.400
CAR-00683,OP-REB-06,L01,2026-08-09 07:59:36,9.77,2026-08-09 08:09:22.200
CAR-00684,OP-REB-07,L02,2026-08-09 08:09:16,9.98,2026-08-09 08:19:14.800
CAR-00685,OP-REB-09,L02,2026-08-09 08:26:23,12.75,2026-08-09 08:39:08.000
CAR-00686,OP-REB-06,L01,2026-08-09 08:32:16,13.62,2026-08-09 08:45:53.200
CAR-00687,OP-REB-03,L02,2026-08-09 08:39:40,10.7,2026-08-09 08:50:22.000
CAR-00688,OP-REB-05,L01,2026-08-09 08:41:43,13.54,2026-08-09 08:55:15.400
CAR-00689,OP-REB-04,L02,2026-08-09 08:54:52,14.22,2026-08-09 09:09:05.200
CAR-00690,OP-REB-05,L01,2026-08-09 09:07:16,15.87,2026-08-09 09:23:08.200
CAR-00691,OP-REB-08,L02,2026-08-09 09:21:26,12.14,2026-08-09 09:33:34.400
CAR-00692,OP-REB-08,L02,2026-08-09 09:27:30,10.72,2026-08-09 09:38:13.200
CAR-00693,OP-REB-06,L01,2026-08-09 09:27:42,10.0,2026-08-09 09:37:42.000
CAR-00694,OP-REB-01,L01,2026-08-09 09:57:55,9.8,2026-08-09 10:07:43.000
CAR-00695,OP-REB-08,L01,2026-08-09 09:59:12,14.5,2026-08-09 10:13:42.000
CAR-00696,OP-REB-08,L01,2026-08-09 10:34:49,8.97,2026-08-09 10:43:47.200
CAR-00697,OP-REB-02,L02,2026-08-09 10:46:02,14.44,2026-08-09 11:00:28.400
CAR-00698,OP-REB-04,L02,2026-08-09 10:51:02,10.26,2026-08-09 11:01:17.600
CAR-00699,OP-REB-02,L02,2026-08-09 10:52:34,10.63,2026-08-09 11:03:11.800
CAR-00700,OP-REB-04,L02,2026-08-09 11:07:42,11.7,2026-08-09 11:19:24.000
CAR-00701,OP-REB-07,L01,2026-08-09 12:07:06,10.59,2026-08-09 12:17:41.400
CAR-00702,OP-REB-09,L02,2026-08-09 12:18:56,13.86,2026-08-09 12:32:47.600
CAR-00703,OP-REB-08,L01,2026-08-09 12:32:23,15.63,2026-08-09 12:48:00.800
CAR-00704,OP-REB-09,L02,2026-08-09 12:38:00,10.69,2026-08-09 12:48:41.400
CAR-00705,OP-REB-08,L01,2026-08-09 12:44:20,11.14,2026-08-09 12:55:28.400
CAR-00706,OP-REB-02,L01,2026-08-09 12:44:32,11.67,2026-08-09 12:56:12.200
CAR-00707,OP-REB-07,L01,2026-08-09 13:05:56,13.08,2026-08-09 13:19:00.800
CAR-00708,OP-REB-02,L01,2026-08-09 13:25:12,11.69,2026-08-09 13:36:53.400
CAR-00709,OP-REB-02,L01,2026-08-09 13:30:16,14.77,2026-08-09 13:45:02.200
CAR-00710,OP-REB-04,L02,2026-08-09 13:50:01,14.29,2026-08-09 14:04:18.400
CAR-00711,OP-REB-01,L01,2026-08-09 14:08:08,9.63,2026-08-09 14:17:45.800
CAR-00712,OP-REB-05,L02,2026-08-09 14:16:41,13.04,2026-08-09 14:29:43.400
CAR-00713,OP-REB-06,L02,2026-08-09 14:23:04,15.04,2026-08-09 14:38:06.400
CAR-00714,OP-REB-09,L01,2026-08-09 14:29:07,11.01,2026-08-09 14:40:07.600
CAR-00715,OP-REB-08,L02,2026-08-09 14:50:35,11.41,2026-08-09 15:01:59.600
CAR-00716,OP-REB-02,L02,2026-08-09 15:31:35,10.94,2026-08-09 15:42:31.400
CAR-00717,OP-REB-01,L02,2026-08-09 15:45:31,10.99,2026-08-09 15:56:30.400
CAR-00718,OP-REB-02,L01,2026-08-09 16:38:17,8.66,2026-08-09 16:46:56.600
CAR-00719,OP-REB-07,L01,2026-08-09 16:45:03,9.34,2026-08-09 16:54:23.400
CAR-00720,OP-REB-04,L01,2026-08-09 17:18:19,12.15,2026-08-09 17:30:28.000
CAR-00721,OP-REB-05,L01,2026-08-09 17:23:00,15.03,2026-08-09 17:38:01.800
CAR-00722,OP-REB-07,L02,2026-08-09 19:21:30,10.77,2026-08-09 19:32:16.200
CAR-00723,OP-REB-03,L02,2026-08-09 19:57:06,10.71,2026-08-09 20:07:48.600
CAR-00724,OP-REB-02,L02,2026-08-09 20:11:36,15.4,2026-08-09 20:27:00.000
CAR-00725,OP-REB-07,L02,2026-08-09 20:13:26,9.78,2026-08-09 20:23:12.800
CAR-00726,OP-REB-05,L02,2026-08-09 20:14:48,8.68,2026-08-09 20:23:28.800
CAR-00727,OP-REB-01,L02,2026-08-09 20:39:34,10.34,2026-08-09 20:49:54.400
CAR-00728,OP-REB-01,L01,2026-08-09 20:51:39,10.67,2026-08-09 21:02:19.200
CAR-00729,OP-REB-09,L02,2026-08-09 20:59:42,8.51,2026-08-09 21:08:12.600
CAR-00730,OP-REB-05,L02,2026-08-09 21:36:59,11.74,2026-08-09 21:48:43.400
CAR-00731,OP-REB-01,L02,2026-08-09 21:46:53,13.9,2026-08-09 22:00:47.000
CAR-00732,OP-REB-07,L01,2026-08-09 21:52:01,9.43,2026-08-09 22:01:26.800
CAR-00733,OP-REB-09,L02,2026-08-09 22:04:34,12.18,2026-08-09 22:16:44.800
CAR-00734,OP-REB-01,L02,2026-08-09 22:23:21,12.79,2026-08-09 22:36:08.400
CAR-00735,OP-REB-04,L01,2026-08-09 22:34:25,11.83,2026-08-09 22:46:14.800
CAR-00736,OP-REB-03,L02,2026-08-09 23:15:15,12.37,2026-08-09 23:27:37.200
CAR-00737,OP-REB-05,L01,2026-08-09 23:31:36,12.39,2026-08-09 23:43:59.400
CAR-00738,OP-REB-07,L01,2026-08-09 23:42:30,10.37,2026-08-09 23:52:52.200
CAR-00739,OP-REB-08,L02,2026-08-09 23:46:35,15.0,2026-08-10 00:01:35.000
CAR-00740,OP-REB-02,L02,2026-08-09 23:54:38,14.5,2026-08-10 00:09:08.000
CAR-00741,OP-REB-07,L01,2026-08-10 00:29:31,14.38,2026-08-10 00:43:53.800
CAR-00742,OP-REB-01,L02,2026-08-10 01:39:45,14.03,2026-08-10 01:53:46.800
CAR-00743,OP-REB-07,L02,2026-08-10 02:15:21,8.85,2026-08-10 02:24:12.000
CAR-00744,OP-REB-08,L01,2026-08-10 02:35:13,13.85,2026-08-10 02:49:04.000
CAR-00745,OP-REB-02,L01,2026-08-10 03:17:16,13.31,2026-08-10 03:30:34.600
CAR-00746,OP-REB-09,L02,2026-08-10 03:19:10,8.93,2026-08-10 03:28:05.800
CAR-00747,OP-REB-01,L01,2026-08-10 03:32:14,11.57,2026-08-10 03:43:48.200
CAR-00748,OP-REB-06,L02,2026-08-10 03:38:17,12.55,2026-08-10 03:50:50.000
CAR-00749,OP-REB-01,L02,2026-08-10 03:46:38,15.33,2026-08-10 04:01:57.800
CAR-00750,OP-REB-03,L02,2026-08-10 03:54:04,13.45,2026-08-10 04:07:31.000
CAR-00751,OP-REB-06,L02,2026-08-10 03:56:13,10.27,2026-08-10 04:06:29.200
CAR-00752,OP-REB-03,L01,2026-08-10 04:05:46,15.39,2026-08-10 04:21:09.400
CAR-00753,OP-REB-08,L02,2026-08-10 04:12:28,12.09,2026-08-10 04:24:33.400
CAR-00754,OP-REB-05,L01,2026-08-10 04:14:13,11.49,2026-08-10 04:25:42.400
CAR-00755,OP-REB-02,L02,2026-08-10 04:40:00,11.35,2026-08-10 04:51:21.000
CAR-00756,OP-REB-04,L02,2026-08-10 05:19:18,8.75,2026-08-10 05:28:03.000
CAR-00757,OP-REB-09,L01,2026-08-10 05:23:55,11.78,2026-08-10 05:35:41.800
CAR-00758,OP-REB-04,L02,2026-08-10 06:15:13,12.99,2026-08-10 06:28:12.400
CAR-00759,OP-REB-08,L01,2026-08-10 06:45:16,11.23,2026-08-10 06:56:29.800
CAR-00760,OP-REB-05,L01,2026-08-10 06:50:41,12.84,2026-08-10 07:03:31.400
CAR-00761,OP-REB-01,L02,2026-08-10 06:52:02,10.27,2026-08-10 07:02:18.200
CAR-00762,OP-REB-07,L02,2026-08-10 07:04:34,11.72,2026-08-10 07:16:17.200
CAR-00763,OP-REB-03,L02,2026-08-10 07:31:06,12.63,2026-08-10 07:43:43.800
CAR-00764,OP-REB-08,L02,2026-08-10 08:08:52,12.38,2026-08-10 08:21:14.800
CAR-00765,OP-REB-03,L01,2026-08-10 08:31:07,8.79,2026-08-10 08:39:54.400
CAR-00766,OP-REB-01,L02,2026-08-10 08:35:58,11.12,2026-08-10 08:47:05.200
CAR-00767,OP-REB-05,L02,2026-08-10 08:40:01,15.35,2026-08-10 08:55:22.000
CAR-00768,OP-REB-02,L02,2026-08-10 08:44:54,11.02,2026-08-10 08:55:55.200
CAR-00769,OP-REB-04,L02,2026-08-10 08:57:40,12.03,2026-08-10 09:09:41.800
CAR-00770,OP-REB-01,L02,2026-08-10 09:06:08,11.83,2026-08-10 09:17:57.800
CAR-00771,OP-REB-09,L01,2026-08-10 09:15:52,15.14,2026-08-10 09:31:00.400
CAR-00772,OP-REB-06,L02,2026-08-10 09:29:01,14.58,2026-08-10 09:43:35.800
CAR-00773,OP-REB-08,L01,2026-08-10 09:47:47,13.62,2026-08-10 10:01:24.200
CAR-00774,OP-REB-04,L02,2026-08-10 09:55:43,10.05,2026-08-10 10:05:46.000
CAR-00775,OP-REB-09,L02,2026-08-10 09:59:31,12.72,2026-08-10 10:12:14.200
CAR-00776,OP-REB-02,L02,2026-08-10 10:23:12,13.14,2026-08-10 10:36:20.400
CAR-00777,OP-REB-09,L01,2026-08-10 10:28:39,10.6,2026-08-10 10:39:15.000
CAR-00778,OP-REB-05,L02,2026-08-10 10:59:03,10.26,2026-08-10 11:09:18.600
CAR-00779,OP-REB-06,L01,2026-08-10 11:05:28,15.41,2026-08-10 11:20:52.600
CAR-00780,OP-REB-03,L01,2026-08-10 11:17:37,11.4,2026-08-10 11:29:01.000
CAR-00781,OP-REB-04,L02,2026-08-10 11:24:39,15.23,2026-08-10 11:39:52.800
CAR-00782,OP-REB-06,L01,2026-08-10 11:27:12,13.99,2026-08-10 11:41:11.400
CAR-00783,OP-REB-07,L02,2026-08-10 11:39:28,12.82,2026-08-10 11:52:17.200
CAR-00784,OP-REB-01,L02,2026-08-10 12:15:01,12.91,2026-08-10 12:27:55.600
CAR-00785,OP-REB-07,L01,2026-08-10 13:08:48,9.2,2026-08-10 13:18:00.000
CAR-00786,OP-REB-01,L02,2026-08-10 13:13:11,12.41,2026-08-10 13:25:35.600
CAR-00787,OP-REB-05,L02,2026-08-10 13:14:52,14.83,2026-08-10 13:29:41.800
CAR-00788,OP-REB-06,L01,2026-08-10 13:38:33,13.36,2026-08-10 13:51:54.600
CAR-00789,OP-REB-02,L01,2026-08-10 13:44:57,12.31,2026-08-10 13:57:15.600
CAR-00790,OP-REB-09,L01,2026-08-10 13:51:29,15.42,2026-08-10 14:06:54.200
CAR-00791,OP-REB-06,L01,2026-08-10 14:05:41,11.63,2026-08-10 14:17:18.800
CAR-00792,OP-REB-07,L01,2026-08-10 14:59:02,10.76,2026-08-10 15:09:47.600
CAR-00793,OP-REB-08,L01,2026-08-10 15:00:06,12.31,2026-08-10 15:12:24.600
CAR-00794,OP-REB-01,L02,2026-08-10 15:11:34,13.53,2026-08-10 15:25:05.800
CAR-00795,OP-REB-08,L01,2026-08-10 15:25:54,8.56,2026-08-10 15:34:27.600
CAR-00796,OP-REB-04,L01,2026-08-10 15:41:01,12.57,2026-08-10 15:53:35.200
CAR-00797,OP-REB-08,L02,2026-08-10 15:52:48,13.62,2026-08-10 16:06:25.200
CAR-00798,OP-REB-06,L02,2026-08-10 16:02:18,11.46,2026-08-10 16:13:45.600
CAR-00799,OP-REB-09,L01,2026-08-10 16:07:17,14.21,2026-08-10 16:21:29.600
CAR-00800,OP-REB-04,L01,2026-08-10 16:25:31,13.28,2026-08-10 16:38:47.800
CAR-00801,OP-REB-02,L02,2026-08-10 16:57:32,16.28,2026-08-10 17:13:48.800
CAR-00802,OP-REB-02,L01,2026-08-10 18:04:12,10.5,2026-08-10 18:14:42.000
CAR-00803,OP-REB-05,L01,2026-08-10 18:42:26,13.66,2026-08-10 18:56:05.600
CAR-00804,OP-REB-09,L02,2026-08-10 18:55:43,9.97,2026-08-10 19:05:41.200
CAR-00805,OP-REB-03,L01,2026-08-10 18:57:35,8.77,2026-08-10 19:06:21.200
CAR-00806,OP-REB-08,L02,2026-08-10 19:04:50,7.93,2026-08-10 19:12:45.800
CAR-00807,OP-REB-04,L01,2026-08-10 19:08:46,13.08,2026-08-10 19:21:50.800
CAR-00808,OP-REB-06,L02,2026-08-10 19:23:36,12.37,2026-08-10 19:35:58.200
CAR-00809,OP-REB-06,L02,2026-08-10 19:29:56,11.04,2026-08-10 19:40:58.400
CAR-00810,OP-REB-03,L02,2026-08-10 20:28:55,8.45,2026-08-10 20:37:22.000
CAR-00811,OP-REB-05,L01,2026-08-10 20:34:11,10.62,2026-08-10 20:44:48.200
CAR-00812,OP-REB-03,L02,2026-08-10 20:57:40,12.01,2026-08-10 21:09:40.600
CAR-00813,OP-REB-01,L01,2026-08-10 21:35:27,13.59,2026-08-10 21:49:02.400
CAR-00814,OP-REB-07,L02,2026-08-10 21:35:31,11.97,2026-08-10 21:47:29.200
CAR-00815,OP-REB-04,L02,2026-08-10 21:57:16,12.5,2026-08-10 22:09:46.000
CAR-00816,OP-REB-07,L02,2026-08-10 22:34:51,11.25,2026-08-10 22:46:06.000
CAR-00817,OP-REB-03,L01,2026-08-10 22:46:43,15.5,2026-08-10 23:02:13.000
CAR-00818,OP-REB-05,L01,2026-08-10 22:59:21,9.96,2026-08-10 23:09:18.600
CAR-00819,OP-REB-05,L02,2026-08-10 23:28:50,10.6,2026-08-10 23:39:26.000
CAR-00820,OP-REB-02,L01,2026-08-10 23:45:31,11.02,2026-08-10 23:56:32.200
CAR-00821,OP-REB-02,L01,2026-08-10 23:52:45,13.09,2026-08-11 00:05:50.400
CAR-00822,OP-REB-04,L01,2026-08-10 23:56:26,9.92,2026-08-11 00:06:21.200
CAR-00823,OP-REB-04,L02,2026-08-11 00:09:41,12.27,2026-08-11 00:21:57.200
CAR-00824,OP-REB-04,L01,2026-08-11 00:18:43,12.33,2026-08-11 00:31:02.800
CAR-00825,OP-REB-06,L02,2026-08-11 00:23:24,10.61,2026-08-11 00:34:00.600
CAR-00826,OP-REB-02,L02,2026-08-11 00:28:12,12.66,2026-08-11 00:40:51.600
CAR-00827,OP-REB-06,L02,2026-08-11 00:29:53,9.98,2026-08-11 00:39:51.800
CAR-00828,OP-REB-07,L01,2026-08-11 00:53:53,9.77,2026-08-11 01:03:39.200
CAR-00829,OP-REB-03,L02,2026-08-11 02:15:38,12.2,2026-08-11 02:27:50.000
CAR-00830,OP-REB-08,L01,2026-08-11 02:58:08,8.68,2026-08-11 03:06:48.800
CAR-00831,OP-REB-02,L01,2026-08-11 03:04:59,7.71,2026-08-11 03:12:41.600
CAR-00832,OP-REB-08,L02,2026-08-11 03:08:15,13.07,2026-08-11 03:21:19.200
CAR-00833,OP-REB-05,L02,2026-08-11 03:13:36,14.1,2026-08-11 03:27:42.000
CAR-00834,OP-REB-02,L02,2026-08-11 03:48:21,11.07,2026-08-11 03:59:25.200
CAR-00835,OP-REB-07,L01,2026-08-11 04:22:38,10.66,2026-08-11 04:33:17.600
CAR-00836,OP-REB-02,L01,2026-08-11 04:26:19,14.01,2026-08-11 04:40:19.600
CAR-00837,OP-REB-06,L02,2026-08-11 04:59:55,9.71,2026-08-11 05:09:37.600
CAR-00838,OP-REB-03,L02,2026-08-11 05:35:22,9.27,2026-08-11 05:44:38.200
CAR-00839,OP-REB-09,L01,2026-08-11 05:35:57,13.42,2026-08-11 05:49:22.200
CAR-00840,OP-REB-03,L01,2026-08-11 05:50:03,12.02,2026-08-11 06:02:04.200
CAR-00841,OP-REB-03,L02,2026-08-11 05:52:41,14.13,2026-08-11 06:06:48.800
CAR-00842,OP-REB-05,L01,2026-08-11 05:54:23,7.72,2026-08-11 06:02:06.200
CAR-00843,OP-REB-07,L01,2026-08-11 06:10:45,9.2,2026-08-11 06:19:57.000
CAR-00844,OP-REB-08,L01,2026-08-11 06:11:30,12.03,2026-08-11 06:23:31.800
CAR-00845,OP-REB-07,L01,2026-08-11 06:15:09,12.84,2026-08-11 06:27:59.400
CAR-00846,OP-REB-09,L01,2026-08-11 06:18:59,13.69,2026-08-11 06:32:40.400
CAR-00847,OP-REB-05,L01,2026-08-11 06:36:23,12.35,2026-08-11 06:48:44.000
CAR-00848,OP-REB-03,L02,2026-08-11 06:44:11,12.33,2026-08-11 06:56:30.800
CAR-00849,OP-REB-06,L01,2026-08-11 06:49:24,11.22,2026-08-11 07:00:37.200
CAR-00850,OP-REB-05,L02,2026-08-11 07:12:54,15.18,2026-08-11 07:28:04.800
CAR-00851,OP-REB-04,L02,2026-08-11 07:31:14,9.79,2026-08-11 07:41:01.400
CAR-00852,OP-REB-02,L01,2026-08-11 07:42:03,12.72,2026-08-11 07:54:46.200
CAR-00853,OP-REB-07,L02,2026-08-11 08:11:17,10.02,2026-08-11 08:21:18.200
CAR-00854,OP-REB-05,L02,2026-08-11 08:32:52,13.07,2026-08-11 08:45:56.200
CAR-00855,OP-REB-04,L02,2026-08-11 08:35:32,9.93,2026-08-11 08:45:27.800
CAR-00856,OP-REB-08,L01,2026-08-11 08:41:38,13.49,2026-08-11 08:55:07.400
CAR-00857,OP-REB-09,L02,2026-08-11 08:52:51,12.22,2026-08-11 09:05:04.200
CAR-00858,OP-REB-09,L01,2026-08-11 08:59:32,15.49,2026-08-11 09:15:01.400
CAR-00859,OP-REB-03,L02,2026-08-11 09:20:31,11.44,2026-08-11 09:31:57.400
CAR-00860,OP-REB-03,L02,2026-08-11 09:46:51,12.85,2026-08-11 09:59:42.000
CAR-00861,OP-REB-05,L02,2026-08-11 09:50:44,10.44,2026-08-11 10:01:10.400
CAR-00862,OP-REB-05,L02,2026-08-11 10:25:03,11.42,2026-08-11 10:36:28.200
CAR-00863,OP-REB-02,L01,2026-08-11 10:28:32,12.21,2026-08-11 10:40:44.600
CAR-00864,OP-REB-01,L02,2026-08-11 10:33:32,8.95,2026-08-11 10:42:29.000
CAR-00865,OP-REB-08,L02,2026-08-11 11:34:16,9.16,2026-08-11 11:43:25.600
CAR-00866,OP-REB-03,L01,2026-08-11 11:39:37,13.2,2026-08-11 11:52:49.000
CAR-00867,OP-REB-01,L01,2026-08-11 11:57:01,11.71,2026-08-11 12:08:43.600
CAR-00868,OP-REB-01,L01,2026-08-11 12:07:20,10.81,2026-08-11 12:18:08.600
CAR-00869,OP-REB-02,L02,2026-08-11 12:25:21,10.53,2026-08-11 12:35:52.800
CAR-00870,OP-REB-06,L01,2026-08-11 12:27:05,10.6,2026-08-11 12:37:41.000
CAR-00871,OP-REB-06,L01,2026-08-11 12:40:36,12.23,2026-08-11 12:52:49.800
CAR-00872,OP-REB-03,L01,2026-08-11 13:04:25,12.89,2026-08-11 13:17:18.400
CAR-00873,OP-REB-04,L01,2026-08-11 13:23:37,7.82,2026-08-11 13:31:26.200
CAR-00874,OP-REB-02,L01,2026-08-11 13:24:55,14.83,2026-08-11 13:39:44.800
CAR-00875,OP-REB-02,L01,2026-08-11 14:02:44,14.68,2026-08-11 14:17:24.800
CAR-00876,OP-REB-07,L02,2026-08-11 14:04:53,7.34,2026-08-11 14:12:13.400
CAR-00877,OP-REB-01,L01,2026-08-11 14:56:49,14.17,2026-08-11 15:10:59.200
CAR-00878,OP-REB-07,L02,2026-08-11 15:06:56,14.11,2026-08-11 15:21:02.600
CAR-00879,OP-REB-01,L01,2026-08-11 15:09:02,12.0,2026-08-11 15:21:02.000
CAR-00880,OP-REB-06,L01,2026-08-11 15:17:01,9.41,2026-08-11 15:26:25.600
CAR-00881,OP-REB-03,L01,2026-08-11 15:32:00,14.03,2026-08-11 15:46:01.800
CAR-00882,OP-REB-08,L02,2026-08-11 15:43:25,11.52,2026-08-11 15:54:56.200
CAR-00883,OP-REB-06,L01,2026-08-11 15:58:05,13.1,2026-08-11 16:11:11.000
CAR-00884,OP-REB-02,L01,2026-08-11 17:08:18,16.44,2026-08-11 17:24:44.400
CAR-00885,OP-REB-08,L01,2026-08-11 17:52:19,12.5,2026-08-11 18:04:49.000
CAR-00886,OP-REB-05,L01,2026-08-11 18:01:57,10.17,2026-08-11 18:12:07.200
CAR-00887,OP-REB-08,L02,2026-08-11 18:03:45,11.33,2026-08-11 18:15:04.800
CAR-00888,OP-REB-08,L02,2026-08-11 18:07:49,10.42,2026-08-11 18:18:14.200
CAR-00889,OP-REB-06,L02,2026-08-11 18:41:51,12.87,2026-08-11 18:54:43.200
CAR-00890,OP-REB-02,L02,2026-08-11 18:58:01,10.39,2026-08-11 19:08:24.400
CAR-00891,OP-REB-08,L02,2026-08-11 18:59:35,11.05,2026-08-11 19:10:38.000
CAR-00892,OP-REB-06,L01,2026-08-11 19:10:20,9.43,2026-08-11 19:19:45.800
CAR-00893,OP-REB-06,L01,2026-08-11 19:24:19,11.74,2026-08-11 19:36:03.400
CAR-00894,OP-REB-08,L01,2026-08-11 19:28:15,12.35,2026-08-11 19:40:36.000
CAR-00895,OP-REB-01,L02,2026-08-11 19:32:07,6.63,2026-08-11 19:38:44.800
CAR-00896,OP-REB-02,L01,2026-08-11 19:33:46,12.52,2026-08-11 19:46:17.200
CAR-00897,OP-REB-09,L02,2026-08-11 19:53:52,11.91,2026-08-11 20:05:46.600
CAR-00898,OP-REB-08,L01,2026-08-11 19:57:08,10.47,2026-08-11 20:07:36.200
CAR-00899,OP-REB-07,L02,2026-08-11 20:10:15,16.06,2026-08-11 20:26:18.600
CAR-00900,OP-REB-07,L01,2026-08-11 20:33:03,13.92,2026-08-11 20:46:58.200
CAR-00901,OP-REB-05,L01,2026-08-11 20:40:38,9.81,2026-08-11 20:50:26.600
CAR-00902,OP-REB-02,L01,2026-08-11 20:44:00,13.68,2026-08-11 20:57:40.800
CAR-00903,OP-REB-06,L01,2026-08-11 20:52:39,14.49,2026-08-11 21:07:08.400
CAR-00904,OP-REB-03,L02,2026-08-11 21:24:44,12.26,2026-08-11 21:36:59.600
CAR-00905,OP-REB-04,L01,2026-08-11 21:43:17,12.72,2026-08-11 21:56:00.200
CAR-00906,OP-REB-02,L01,2026-08-11 21:58:42,12.68,2026-08-11 22:11:22.800
CAR-00907,OP-REB-02,L01,2026-08-11 22:26:00,7.83,2026-08-11 22:33:49.800
CAR-00908,OP-REB-08,L02,2026-08-11 22:36:20,11.63,2026-08-11 22:47:57.800
CAR-00909,OP-REB-08,L01,2026-08-11 22:37:55,11.52,2026-08-11 22:49:26.200
CAR-00910,OP-REB-06,L01,2026-08-11 22:40:44,14.86,2026-08-11 22:55:35.600
CAR-00911,OP-REB-05,L01,2026-08-11 22:42:13,12.67,2026-08-11 22:54:53.200
CAR-00912,OP-REB-08,L01,2026-08-11 22:50:18,11.4,2026-08-11 23:01:42.000
CAR-00913,OP-REB-04,L01,2026-08-11 23:37:40,11.82,2026-08-11 23:49:29.200
CAR-00914,OP-REB-04,L02,2026-08-11 23:54:39,14.05,2026-08-12 00:08:42.000
CAR-00915,OP-REB-05,L02,2026-08-11 23:57:06,11.63,2026-08-12 00:08:43.800
CAR-00916,OP-REB-01,L02,2026-08-12 00:00:18,10.6,2026-08-12 00:10:54.000
CAR-00917,OP-REB-01,L01,2026-08-12 00:06:08,11.45,2026-08-12 00:17:35.000
CAR-00918,OP-REB-02,L02,2026-08-12 00:28:11,13.88,2026-08-12 00:42:03.800
CAR-00919,OP-REB-08,L01,2026-08-12 01:06:57,12.99,2026-08-12 01:19:56.400
CAR-00920,OP-REB-07,L01,2026-08-12 01:08:03,12.09,2026-08-12 01:20:08.400
CAR-00921,OP-REB-09,L01,2026-08-12 01:16:36,12.38,2026-08-12 01:28:58.800
CAR-00922,OP-REB-05,L01,2026-08-12 01:21:28,10.88,2026-08-12 01:32:20.800
CAR-00923,OP-REB-02,L02,2026-08-12 01:56:12,11.61,2026-08-12 02:07:48.600
CAR-00924,OP-REB-07,L02,2026-08-12 02:01:33,10.67,2026-08-12 02:12:13.200
CAR-00925,OP-REB-08,L02,2026-08-12 02:30:41,11.41,2026-08-12 02:42:05.600
CAR-00926,OP-REB-07,L01,2026-08-12 03:05:03,14.69,2026-08-12 03:19:44.400
CAR-00927,OP-REB-07,L02,2026-08-12 03:59:47,9.84,2026-08-12 04:09:37.400
CAR-00928,OP-REB-05,L02,2026-08-12 04:08:13,10.62,2026-08-12 04:18:50.200
CAR-00929,OP-REB-02,L01,2026-08-12 04:09:53,9.49,2026-08-12 04:19:22.400
CAR-00930,OP-REB-06,L02,2026-08-12 04:26:29,9.06,2026-08-12 04:35:32.600
CAR-00931,OP-REB-04,L01,2026-08-12 04:37:19,11.63,2026-08-12 04:48:56.800
CAR-00932,OP-REB-02,L02,2026-08-12 05:13:29,10.76,2026-08-12 05:24:14.600
CAR-00933,OP-REB-09,L02,2026-08-12 05:46:37,15.52,2026-08-12 06:02:08.200
CAR-00934,OP-REB-07,L02,2026-08-12 05:56:02,11.43,2026-08-12 06:07:27.800
CAR-00935,OP-REB-06,L01,2026-08-12 06:21:01,14.58,2026-08-12 06:35:35.800
CAR-00936,OP-REB-05,L02,2026-08-12 06:28:02,13.94,2026-08-12 06:41:58.400
CAR-00937,OP-REB-03,L02,2026-08-12 06:30:46,11.58,2026-08-12 06:42:20.800
CAR-00938,OP-REB-04,L02,2026-08-12 06:47:57,16.22,2026-08-12 07:04:10.200
CAR-00939,OP-REB-03,L02,2026-08-12 06:59:19,12.54,2026-08-12 07:11:51.400
CAR-00940,OP-REB-08,L01,2026-08-12 07:08:00,15.03,2026-08-12 07:23:01.800
CAR-00941,OP-REB-03,L01,2026-08-12 07:10:52,14.79,2026-08-12 07:25:39.400
CAR-00942,OP-REB-07,L02,2026-08-12 07:19:14,12.83,2026-08-12 07:32:03.800
CAR-00943,OP-REB-07,L02,2026-08-12 07:38:51,13.5,2026-08-12 07:52:21.000
CAR-00944,OP-REB-07,L02,2026-08-12 08:26:32,13.25,2026-08-12 08:39:47.000
CAR-00945,OP-REB-07,L01,2026-08-12 08:35:44,9.71,2026-08-12 08:45:26.600
CAR-00946,OP-REB-02,L02,2026-08-12 08:50:12,12.11,2026-08-12 09:02:18.600
CAR-00947,OP-REB-03,L02,2026-08-12 09:06:08,14.15,2026-08-12 09:20:17.000
CAR-00948,OP-REB-09,L01,2026-08-12 09:49:23,15.05,2026-08-12 10:04:26.000
CAR-00949,OP-REB-03,L01,2026-08-12 10:01:58,10.56,2026-08-12 10:12:31.600
CAR-00950,OP-REB-02,L01,2026-08-12 10:06:28,13.06,2026-08-12 10:19:31.600
CAR-00951,OP-REB-09,L02,2026-08-12 10:42:24,12.3,2026-08-12 10:54:42.000
CAR-00952,OP-REB-09,L01,2026-08-12 10:46:01,11.76,2026-08-12 10:57:46.600
CAR-00953,OP-REB-04,L01,2026-08-12 11:00:52,12.71,2026-08-12 11:13:34.600
CAR-00954,OP-REB-09,L02,2026-08-12 11:03:36,12.44,2026-08-12 11:16:02.400
CAR-00955,OP-REB-03,L01,2026-08-12 11:13:31,13.08,2026-08-12 11:26:35.800
CAR-00956,OP-REB-07,L02,2026-08-12 11:47:28,14.88,2026-08-12 12:02:20.800
CAR-00957,OP-REB-07,L02,2026-08-12 11:49:35,13.57,2026-08-12 12:03:09.200
CAR-00958,OP-REB-08,L01,2026-08-12 11:52:05,12.62,2026-08-12 12:04:42.200
CAR-00959,OP-REB-04,L02,2026-08-12 12:05:46,15.73,2026-08-12 12:21:29.800
CAR-00960,OP-REB-03,L01,2026-08-12 12:19:41,14.22,2026-08-12 12:33:54.200
CAR-00961,OP-REB-03,L01,2026-08-12 12:25:48,11.82,2026-08-12 12:37:37.200
CAR-00962,OP-REB-05,L01,2026-08-12 12:36:05,9.57,2026-08-12 12:45:39.200
CAR-00963,OP-REB-01,L02,2026-08-12 13:40:39,10.02,2026-08-12 13:50:40.200
CAR-00964,OP-REB-03,L01,2026-08-12 13:41:20,13.87,2026-08-12 13:55:12.200
CAR-00965,OP-REB-06,L02,2026-08-12 13:52:12,10.74,2026-08-12 14:02:56.400
CAR-00966,OP-REB-03,L02,2026-08-12 13:53:56,9.98,2026-08-12 14:03:54.800
CAR-00967,OP-REB-05,L02,2026-08-12 14:44:43,10.48,2026-08-12 14:55:11.800
CAR-00968,OP-REB-09,L01,2026-08-12 14:54:29,10.63,2026-08-12 15:05:06.800
CAR-00969,OP-REB-02,L02,2026-08-12 14:56:39,13.7,2026-08-12 15:10:21.000
CAR-00970,OP-REB-02,L02,2026-08-12 15:25:46,11.69,2026-08-12 15:37:27.400
CAR-00971,OP-REB-06,L01,2026-08-12 16:00:20,9.26,2026-08-12 16:09:35.600
CAR-00972,OP-REB-06,L01,2026-08-12 16:05:53,12.06,2026-08-12 16:17:56.600
CAR-00973,OP-REB-08,L02,2026-08-12 16:17:51,12.44,2026-08-12 16:30:17.400
CAR-00974,OP-REB-02,L02,2026-08-12 16:50:36,11.04,2026-08-12 17:01:38.400
CAR-00975,OP-REB-09,L01,2026-08-12 17:03:18,14.31,2026-08-12 17:17:36.600
CAR-00976,OP-REB-02,L02,2026-08-12 17:24:29,11.16,2026-08-12 17:35:38.600
CAR-00977,OP-REB-01,L02,2026-08-12 17:52:56,14.22,2026-08-12 18:07:09.200
CAR-00978,OP-REB-02,L02,2026-08-12 18:09:30,13.19,2026-08-12 18:22:41.400
CAR-00979,OP-REB-07,L02,2026-08-12 18:17:33,13.85,2026-08-12 18:31:24.000
CAR-00980,OP-REB-08,L01,2026-08-12 18:37:23,9.8,2026-08-12 18:47:11.000
CAR-00981,OP-REB-05,L02,2026-08-12 18:41:47,12.2,2026-08-12 18:53:59.000
CAR-00982,OP-REB-06,L01,2026-08-12 18:42:01,11.89,2026-08-12 18:53:54.400
CAR-00983,OP-REB-01,L02,2026-08-12 18:42:41,9.16,2026-08-12 18:51:50.600
CAR-00984,OP-REB-06,L01,2026-08-12 18:44:21,14.21,2026-08-12 18:58:33.600
CAR-00985,OP-REB-08,L02,2026-08-12 18:48:50,10.37,2026-08-12 18:59:12.200
CAR-00986,OP-REB-03,L01,2026-08-12 19:29:34,10.78,2026-08-12 19:40:20.800
CAR-00987,OP-REB-01,L02,2026-08-12 19:33:58,9.97,2026-08-12 19:43:56.200
CAR-00988,OP-REB-04,L01,2026-08-12 19:39:14,13.4,2026-08-12 19:52:38.000
CAR-00989,OP-REB-01,L02,2026-08-12 20:22:43,8.95,2026-08-12 20:31:40.000
CAR-00990,OP-REB-08,L02,2026-08-12 20:39:31,13.24,2026-08-12 20:52:45.400
CAR-00991,OP-REB-05,L01,2026-08-12 21:04:06,14.09,2026-08-12 21:18:11.400
CAR-00992,OP-REB-01,L01,2026-08-12 21:48:13,13.07,2026-08-12 22:01:17.200
CAR-00993,OP-REB-08,L01,2026-08-12 22:09:19,13.43,2026-08-12 22:22:44.800
CAR-00994,OP-REB-09,L01,2026-08-12 22:26:52,13.52,2026-08-12 22:40:23.200
CAR-00995,OP-REB-02,L01,2026-08-12 22:54:53,10.1,2026-08-12 23:04:59.000
CAR-00996,OP-REB-09,L02,2026-08-12 23:02:07,14.87,2026-08-12 23:16:59.200
CAR-00997,OP-REB-08,L01,2026-08-12 23:08:37,11.08,2026-08-12 23:19:41.800
CAR-00998,OP-REB-07,L01,2026-08-12 23:13:04,11.87,2026-08-12 23:24:56.200
CAR-00999,OP-REB-03,L02,2026-08-12 23:29:03,11.33,2026-08-12 23:40:22.800
CAR-01000,OP-REB-02,L01,2026-08-12 23:55:20,12.98,2026-08-13 00:08:18.800
CAR-01001,OP-REB-07,L01,2026-08-12 23:55:29,10.92,2026-08-13 00:06:24.200
CAR-01002,OP-REB-05,L01,2026-08-13 00:03:36,12.13,2026-08-13 00:15:43.800
CAR-01003,OP-REB-06,L02,2026-08-13 00:30:26,9.53,2026-08-13 00:39:57.800
CAR-01004,OP-REB-04,L01,2026-08-13 00:34:49,14.33,2026-08-13 00:49:08.800
CAR-01005,OP-REB-02,L02,2026-08-13 00:37:13,13.34,2026-08-13 00:50:33.400
CAR-01006,OP-REB-09,L02,2026-08-13 01:22:34,11.42,2026-08-13 01:33:59.200
CAR-01007,OP-REB-03,L01,2026-08-13 01:41:58,11.06,2026-08-13 01:53:01.600
CAR-01008,OP-REB-07,L02,2026-08-13 02:42:19,13.29,2026-08-13 02:55:36.400
CAR-01009,OP-REB-08,L01,2026-08-13 02:55:15,10.59,2026-08-13 03:05:50.400
CAR-01010,OP-REB-02,L01,2026-08-13 03:09:13,12.25,2026-08-13 03:21:28.000
CAR-01011,OP-REB-06,L01,2026-08-13 03:10:30,14.32,2026-08-13 03:24:49.200
CAR-01012,OP-REB-08,L01,2026-08-13 03:10:57,10.38,2026-08-13 03:21:19.800
CAR-01013,OP-REB-07,L01,2026-08-13 03:25:12,12.74,2026-08-13 03:37:56.400
CAR-01014,OP-REB-03,L02,2026-08-13 03:40:00,12.63,2026-08-13 03:52:37.800
CAR-01015,OP-REB-01,L02,2026-08-13 03:40:55,11.81,2026-08-13 03:52:43.600
CAR-01016,OP-REB-06,L02,2026-08-13 03:41:34,10.99,2026-08-13 03:52:33.400
CAR-01017,OP-REB-08,L02,2026-08-13 04:08:37,14.43,2026-08-13 04:23:02.800
CAR-01018,OP-REB-06,L01,2026-08-13 04:31:59,10.8,2026-08-13 04:42:47.000
CAR-01019,OP-REB-05,L01,2026-08-13 05:00:55,8.38,2026-08-13 05:09:17.800
CAR-01020,OP-REB-08,L02,2026-08-13 05:01:56,13.28,2026-08-13 05:15:12.800
CAR-01021,OP-REB-02,L01,2026-08-13 05:55:48,9.6,2026-08-13 06:05:24.000
CAR-01022,OP-REB-01,L02,2026-08-13 05:56:20,13.38,2026-08-13 06:09:42.800
CAR-01023,OP-REB-01,L02,2026-08-13 06:23:19,14.67,2026-08-13 06:37:59.200
CAR-01024,OP-REB-04,L02,2026-08-13 06:34:56,13.26,2026-08-13 06:48:11.600
CAR-01025,OP-REB-06,L02,2026-08-13 06:44:18,14.14,2026-08-13 06:58:26.400
CAR-01026,OP-REB-09,L01,2026-08-13 06:45:04,16.04,2026-08-13 07:01:06.400
CAR-01027,OP-REB-01,L01,2026-08-13 07:32:57,13.93,2026-08-13 07:46:52.800
CAR-01028,OP-REB-01,L02,2026-08-13 07:41:32,12.66,2026-08-13 07:54:11.600
CAR-01029,OP-REB-05,L02,2026-08-13 07:47:13,15.27,2026-08-13 08:02:29.200
CAR-01030,OP-REB-05,L02,2026-08-13 08:00:27,15.51,2026-08-13 08:15:57.600
CAR-01031,OP-REB-05,L02,2026-08-13 08:04:17,15.54,2026-08-13 08:19:49.400
CAR-01032,OP-REB-06,L02,2026-08-13 08:05:27,11.02,2026-08-13 08:16:28.200
CAR-01033,OP-REB-08,L01,2026-08-13 08:24:42,9.29,2026-08-13 08:33:59.400
CAR-01034,OP-REB-03,L02,2026-08-13 08:46:37,10.89,2026-08-13 08:57:30.400
CAR-01035,OP-REB-09,L02,2026-08-13 08:48:34,13.41,2026-08-13 09:01:58.600
CAR-01036,OP-REB-01,L01,2026-08-13 08:52:52,12.32,2026-08-13 09:05:11.200
CAR-01037,OP-REB-04,L01,2026-08-13 08:55:43,11.59,2026-08-13 09:07:18.400
CAR-01038,OP-REB-09,L01,2026-08-13 09:09:33,13.12,2026-08-13 09:22:40.200
CAR-01039,OP-REB-08,L01,2026-08-13 09:48:13,9.06,2026-08-13 09:57:16.600
CAR-01040,OP-REB-09,L01,2026-08-13 10:16:47,12.28,2026-08-13 10:29:03.800
CAR-01041,OP-REB-01,L01,2026-08-13 10:18:50,14.24,2026-08-13 10:33:04.400
CAR-01042,OP-REB-09,L01,2026-08-13 10:22:56,13.1,2026-08-13 10:36:02.000
CAR-01043,OP-REB-03,L01,2026-08-13 10:23:10,13.38,2026-08-13 10:36:32.800
CAR-01044,OP-REB-09,L01,2026-08-13 10:36:25,15.19,2026-08-13 10:51:36.400
CAR-01045,OP-REB-01,L02,2026-08-13 11:05:46,11.87,2026-08-13 11:17:38.200
CAR-01046,OP-REB-01,L01,2026-08-13 11:14:35,10.69,2026-08-13 11:25:16.400
CAR-01047,OP-REB-09,L02,2026-08-13 11:32:11,14.38,2026-08-13 11:46:33.800
CAR-01048,OP-REB-06,L02,2026-08-13 11:54:39,14.34,2026-08-13 12:08:59.400
CAR-01049,OP-REB-04,L02,2026-08-13 12:15:25,13.12,2026-08-13 12:28:32.200
CAR-01050,OP-REB-07,L02,2026-08-13 12:19:59,11.68,2026-08-13 12:31:39.800
CAR-01051,OP-REB-05,L02,2026-08-13 12:20:22,12.0,2026-08-13 12:32:22.000
CAR-01052,OP-REB-07,L02,2026-08-13 12:25:20,9.45,2026-08-13 12:34:47.000
CAR-01053,OP-REB-08,L02,2026-08-13 12:41:39,14.23,2026-08-13 12:55:52.800
CAR-01054,OP-REB-08,L02,2026-08-13 13:06:23,14.16,2026-08-13 13:20:32.600
CAR-01055,OP-REB-01,L01,2026-08-13 13:10:36,9.38,2026-08-13 13:19:58.800
CAR-01056,OP-REB-08,L02,2026-08-13 13:12:09,13.74,2026-08-13 13:25:53.400
CAR-01057,OP-REB-06,L02,2026-08-13 14:05:23,12.81,2026-08-13 14:18:11.600
CAR-01058,OP-REB-04,L02,2026-08-13 14:17:26,9.96,2026-08-13 14:27:23.600
CAR-01059,OP-REB-08,L02,2026-08-13 14:33:29,9.59,2026-08-13 14:43:04.400
CAR-01060,OP-REB-03,L01,2026-08-13 14:43:19,12.75,2026-08-13 14:56:04.000
CAR-01061,OP-REB-04,L02,2026-08-13 14:46:32,11.2,2026-08-13 14:57:44.000
CAR-01062,OP-REB-06,L01,2026-08-13 14:50:32,15.64,2026-08-13 15:06:10.400
CAR-01063,OP-REB-07,L01,2026-08-13 15:44:20,13.91,2026-08-13 15:58:14.600
CAR-01064,OP-REB-04,L02,2026-08-13 15:50:00,12.95,2026-08-13 16:02:57.000
CAR-01065,OP-REB-04,L02,2026-08-13 15:52:08,13.05,2026-08-13 16:05:11.000
CAR-01066,OP-REB-07,L01,2026-08-13 15:57:27,14.66,2026-08-13 16:12:06.600
CAR-01067,OP-REB-06,L02,2026-08-13 16:01:16,13.69,2026-08-13 16:14:57.400
CAR-01068,OP-REB-08,L02,2026-08-13 16:13:49,13.0,2026-08-13 16:26:49.000
CAR-01069,OP-REB-01,L01,2026-08-13 16:22:15,10.04,2026-08-13 16:32:17.400
CAR-01070,OP-REB-07,L01,2026-08-13 16:36:01,18.12,2026-08-13 16:54:08.200
CAR-01071,OP-REB-07,L02,2026-08-13 16:58:19,9.79,2026-08-13 17:08:06.400
CAR-01072,OP-REB-07,L02,2026-08-13 17:07:51,11.37,2026-08-13 17:19:13.200
CAR-01073,OP-REB-07,L02,2026-08-13 17:23:53,8.69,2026-08-13 17:32:34.400
CAR-01074,OP-REB-08,L01,2026-08-13 17:36:00,13.08,2026-08-13 17:49:04.800
CAR-01075,OP-REB-09,L02,2026-08-13 17:45:11,12.3,2026-08-13 17:57:29.000
CAR-01076,OP-REB-09,L01,2026-08-13 17:53:03,13.53,2026-08-13 18:06:34.800
CAR-01077,OP-REB-02,L01,2026-08-13 17:53:20,8.52,2026-08-13 18:01:51.200
CAR-01078,OP-REB-07,L02,2026-08-13 17:58:44,14.23,2026-08-13 18:12:57.800
CAR-01079,OP-REB-07,L01,2026-08-13 18:12:10,10.39,2026-08-13 18:22:33.400
CAR-01080,OP-REB-04,L02,2026-08-13 18:40:24,11.7,2026-08-13 18:52:06.000
CAR-01081,OP-REB-09,L02,2026-08-13 18:44:20,13.86,2026-08-13 18:58:11.600
CAR-01082,OP-REB-08,L01,2026-08-13 19:27:24,12.52,2026-08-13 19:39:55.200
CAR-01083,OP-REB-01,L02,2026-08-13 19:54:40,12.66,2026-08-13 20:07:19.600
CAR-01084,OP-REB-02,L01,2026-08-13 20:02:21,13.6,2026-08-13 20:15:57.000
CAR-01085,OP-REB-02,L01,2026-08-13 20:14:35,12.86,2026-08-13 20:27:26.600
CAR-01086,OP-REB-08,L02,2026-08-13 20:18:07,11.32,2026-08-13 20:29:26.200
CAR-01087,OP-REB-01,L02,2026-08-13 20:36:25,11.67,2026-08-13 20:48:05.200
CAR-01088,OP-REB-04,L02,2026-08-13 20:57:34,12.42,2026-08-13 21:09:59.200
CAR-01089,OP-REB-05,L02,2026-08-13 20:57:48,10.21,2026-08-13 21:08:00.600
CAR-01090,OP-REB-09,L01,2026-08-13 21:00:05,13.99,2026-08-13 21:14:04.400
CAR-01091,OP-REB-07,L01,2026-08-13 21:28:21,12.58,2026-08-13 21:40:55.800
CAR-01092,OP-REB-08,L01,2026-08-13 21:33:34,12.15,2026-08-13 21:45:43.000
CAR-01093,OP-REB-09,L02,2026-08-13 21:41:54,14.38,2026-08-13 21:56:16.800
CAR-01094,OP-REB-07,L01,2026-08-13 21:46:49,11.76,2026-08-13 21:58:34.600
CAR-01095,OP-REB-05,L01,2026-08-13 22:17:06,11.64,2026-08-13 22:28:44.400
CAR-01096,OP-REB-05,L02,2026-08-13 22:33:33,11.03,2026-08-13 22:44:34.800
CAR-01097,OP-REB-06,L02,2026-08-13 22:49:13,12.69,2026-08-13 23:01:54.400
CAR-01098,OP-REB-05,L02,2026-08-13 23:09:51,12.62,2026-08-13 23:22:28.200
CAR-01099,OP-REB-09,L01,2026-08-13 23:41:40,10.67,2026-08-13 23:52:20.200
CAR-01100,OP-REB-03,L02,2026-08-13 23:42:47,11.64,2026-08-13 23:54:25.400
CAR-01101,OP-REB-03,L01,2026-08-14 00:04:04,10.68,2026-08-14 00:14:44.800
CAR-01102,OP-REB-07,L01,2026-08-14 00:05:28,10.59,2026-08-14 00:16:03.400
CAR-01103,OP-REB-07,L01,2026-08-14 00:08:47,8.54,2026-08-14 00:17:19.400
CAR-01104,OP-REB-06,L01,2026-08-14 00:38:33,11.54,2026-08-14 00:50:05.400
CAR-01105,OP-REB-03,L01,2026-08-14 00:54:09,8.6,2026-08-14 01:02:45.000
CAR-01106,OP-REB-07,L02,2026-08-14 01:05:34,11.07,2026-08-14 01:16:38.200
CAR-01107,OP-REB-05,L01,2026-08-14 01:23:01,10.77,2026-08-14 01:33:47.200
CAR-01108,OP-REB-07,L02,2026-08-14 01:37:27,14.1,2026-08-14 01:51:33.000
CAR-01109,OP-REB-02,L01,2026-08-14 01:41:17,9.97,2026-08-14 01:51:15.200
CAR-01110,OP-REB-06,L01,2026-08-14 01:45:55,10.48,2026-08-14 01:56:23.800
CAR-01111,OP-REB-08,L02,2026-08-14 01:50:52,11.24,2026-08-14 02:02:06.400
CAR-01112,OP-REB-01,L01,2026-08-14 02:03:24,10.84,2026-08-14 02:14:14.400
CAR-01113,OP-REB-04,L01,2026-08-14 02:13:59,14.74,2026-08-14 02:28:43.400
CAR-01114,OP-REB-01,L02,2026-08-14 02:23:25,9.72,2026-08-14 02:33:08.200
CAR-01115,OP-REB-01,L02,2026-08-14 02:26:29,11.24,2026-08-14 02:37:43.400
CAR-01116,OP-REB-08,L01,2026-08-14 03:36:33,12.66,2026-08-14 03:49:12.600
CAR-01117,OP-REB-07,L01,2026-08-14 03:51:28,13.76,2026-08-14 04:05:13.600
CAR-01118,OP-REB-01,L01,2026-08-14 04:04:31,11.24,2026-08-14 04:15:45.400
CAR-01119,OP-REB-02,L02,2026-08-14 04:19:55,8.16,2026-08-14 04:28:04.600
CAR-01120,OP-REB-04,L01,2026-08-14 04:31:02,11.7,2026-08-14 04:42:44.000
CAR-01121,OP-REB-01,L02,2026-08-14 04:34:55,14.7,2026-08-14 04:49:37.000
CAR-01122,OP-REB-03,L02,2026-08-14 04:50:43,12.56,2026-08-14 05:03:16.600
CAR-01123,OP-REB-08,L01,2026-08-14 05:47:17,12.47,2026-08-14 05:59:45.200
CAR-01124,OP-REB-08,L02,2026-08-14 06:13:14,9.87,2026-08-14 06:23:06.200
CAR-01125,OP-REB-08,L01,2026-08-14 06:28:25,9.67,2026-08-14 06:38:05.200
CAR-01126,OP-REB-06,L01,2026-08-14 06:48:01,12.04,2026-08-14 07:00:03.400
CAR-01127,OP-REB-06,L02,2026-08-14 06:59:58,9.15,2026-08-14 07:09:07.000
CAR-01128,OP-REB-05,L02,2026-08-14 07:00:25,13.56,2026-08-14 07:13:58.600
CAR-01129,OP-REB-09,L02,2026-08-14 07:06:39,10.31,2026-08-14 07:16:57.600
CAR-01130,OP-REB-04,L02,2026-08-14 08:19:25,11.95,2026-08-14 08:31:22.000
CAR-01131,OP-REB-07,L02,2026-08-14 08:37:38,8.23,2026-08-14 08:45:51.800
CAR-01132,OP-REB-01,L02,2026-08-14 09:01:46,11.21,2026-08-14 09:12:58.600
CAR-01133,OP-REB-09,L01,2026-08-14 09:20:48,9.63,2026-08-14 09:30:25.800
CAR-01134,OP-REB-07,L01,2026-08-14 09:26:04,7.36,2026-08-14 09:33:25.600
CAR-01135,OP-REB-09,L01,2026-08-14 09:32:44,13.08,2026-08-14 09:45:48.800
CAR-01136,OP-REB-07,L02,2026-08-14 09:34:34,15.28,2026-08-14 09:49:50.800
CAR-01137,OP-REB-02,L02,2026-08-14 10:12:36,14.26,2026-08-14 10:26:51.600
CAR-01138,OP-REB-06,L02,2026-08-14 10:20:48,13.36,2026-08-14 10:34:09.600
CAR-01139,OP-REB-04,L01,2026-08-14 10:43:54,11.17,2026-08-14 10:55:04.200
CAR-01140,OP-REB-03,L01,2026-08-14 11:24:07,13.61,2026-08-14 11:37:43.600
CAR-01141,OP-REB-02,L02,2026-08-14 11:29:13,14.45,2026-08-14 11:43:40.000
CAR-01142,OP-REB-06,L02,2026-08-14 11:30:52,12.27,2026-08-14 11:43:08.200
CAR-01143,OP-REB-08,L02,2026-08-14 11:40:57,9.63,2026-08-14 11:50:34.800
CAR-01144,OP-REB-06,L02,2026-08-14 11:57:00,11.0,2026-08-14 12:08:00.000
CAR-01145,OP-REB-09,L01,2026-08-14 12:38:07,15.41,2026-08-14 12:53:31.600
CAR-01146,OP-REB-05,L01,2026-08-14 12:38:36,11.85,2026-08-14 12:50:27.000
CAR-01147,OP-REB-02,L01,2026-08-14 13:25:47,5.35,2026-08-14 13:31:08.000
CAR-01148,OP-REB-08,L02,2026-08-14 13:52:30,9.06,2026-08-14 14:01:33.600
CAR-01149,OP-REB-09,L01,2026-08-14 14:18:33,11.15,2026-08-14 14:29:42.000
CAR-01150,OP-REB-04,L02,2026-08-14 14:40:54,14.07,2026-08-14 14:54:58.200
CAR-01151,OP-REB-06,L02,2026-08-14 15:34:15,11.45,2026-08-14 15:45:42.000
CAR-01152,OP-REB-08,L02,2026-08-14 15:47:03,14.11,2026-08-14 16:01:09.600
CAR-01153,OP-REB-09,L01,2026-08-14 15:48:41,10.95,2026-08-14 15:59:38.000
CAR-01154,OP-REB-05,L01,2026-08-14 16:09:31,8.07,2026-08-14 16:17:35.200
CAR-01155,OP-REB-06,L02,2026-08-14 16:17:28,11.02,2026-08-14 16:28:29.200
CAR-01156,OP-REB-04,L01,2026-08-14 16:32:37,12.69,2026-08-14 16:45:18.400
CAR-01157,OP-REB-05,L02,2026-08-14 17:02:08,12.52,2026-08-14 17:14:39.200
CAR-01158,OP-REB-07,L02,2026-08-14 17:11:30,9.49,2026-08-14 17:20:59.400
CAR-01159,OP-REB-09,L02,2026-08-14 17:19:10,11.3,2026-08-14 17:30:28.000
CAR-01160,OP-REB-06,L01,2026-08-14 18:03:08,17.37,2026-08-14 18:20:30.200
CAR-01161,OP-REB-06,L01,2026-08-14 18:22:32,9.53,2026-08-14 18:32:03.800
CAR-01162,OP-REB-08,L02,2026-08-14 18:55:48,13.32,2026-08-14 19:09:07.200
CAR-01163,OP-REB-04,L01,2026-08-14 19:06:05,7.81,2026-08-14 19:13:53.600
CAR-01164,OP-REB-03,L01,2026-08-14 19:07:19,13.73,2026-08-14 19:21:02.800
CAR-01165,OP-REB-07,L01,2026-08-14 19:24:19,10.22,2026-08-14 19:34:32.200
CAR-01166,OP-REB-05,L01,2026-08-14 19:43:42,12.8,2026-08-14 19:56:30.000
CAR-01167,OP-REB-02,L02,2026-08-14 20:05:30,9.42,2026-08-14 20:14:55.200
CAR-01168,OP-REB-02,L01,2026-08-14 20:18:57,12.58,2026-08-14 20:31:31.800
CAR-01169,OP-REB-06,L02,2026-08-14 20:38:05,10.18,2026-08-14 20:48:15.800
CAR-01170,OP-REB-08,L02,2026-08-14 20:53:28,10.57,2026-08-14 21:04:02.200
CAR-01171,OP-REB-01,L01,2026-08-14 21:14:09,12.88,2026-08-14 21:27:01.800
CAR-01172,OP-REB-06,L02,2026-08-14 22:01:27,11.14,2026-08-14 22:12:35.400
CAR-01173,OP-REB-02,L02,2026-08-14 23:00:46,12.76,2026-08-14 23:13:31.600
CAR-01174,OP-REB-02,L01,2026-08-14 23:19:34,11.62,2026-08-14 23:31:11.200
CAR-01175,OP-REB-07,L02,2026-08-14 23:31:33,12.13,2026-08-14 23:43:40.800
CAR-01176,OP-REB-01,L02,2026-08-14 23:41:27,12.89,2026-08-14 23:54:20.400
CAR-01177,OP-REB-06,L01,2026-08-14 23:59:43,11.3,2026-08-15 00:11:01.000
CAR-01178,OP-REB-07,L01,2026-08-15 00:09:14,10.01,2026-08-15 00:19:14.600
CAR-01179,OP-REB-08,L01,2026-08-15 00:40:02,10.94,2026-08-15 00:50:58.400
CAR-01180,OP-REB-07,L01,2026-08-15 00:43:51,14.39,2026-08-15 00:58:14.400
CAR-01181,OP-REB-06,L01,2026-08-15 01:05:02,12.23,2026-08-15 01:17:15.800
CAR-01182,OP-REB-09,L02,2026-08-15 01:12:04,10.31,2026-08-15 01:22:22.600
CAR-01183,OP-REB-03,L02,2026-08-15 01:22:09,12.8,2026-08-15 01:34:57.000
CAR-01184,OP-REB-06,L01,2026-08-15 01:25:04,12.94,2026-08-15 01:38:00.400
CAR-01185,OP-REB-04,L01,2026-08-15 01:51:22,13.04,2026-08-15 02:04:24.400
CAR-01186,OP-REB-02,L02,2026-08-15 02:00:25,10.04,2026-08-15 02:10:27.400
CAR-01187,OP-REB-01,L01,2026-08-15 02:41:59,10.64,2026-08-15 02:52:37.400
CAR-01188,OP-REB-01,L01,2026-08-15 02:48:17,10.65,2026-08-15 02:58:56.000
CAR-01189,OP-REB-03,L02,2026-08-15 02:53:45,11.28,2026-08-15 03:05:01.800
CAR-01190,OP-REB-04,L02,2026-08-15 03:09:46,13.08,2026-08-15 03:22:50.800
CAR-01191,OP-REB-02,L02,2026-08-15 03:14:30,12.59,2026-08-15 03:27:05.400
CAR-01192,OP-REB-01,L01,2026-08-15 03:39:53,12.75,2026-08-15 03:52:38.000
CAR-01193,OP-REB-04,L02,2026-08-15 03:44:42,14.71,2026-08-15 03:59:24.600
CAR-01194,OP-REB-07,L01,2026-08-15 04:15:58,13.38,2026-08-15 04:29:20.800
CAR-01195,OP-REB-06,L02,2026-08-15 04:36:05,11.72,2026-08-15 04:47:48.200
CAR-01196,OP-REB-06,L01,2026-08-15 04:38:00,9.63,2026-08-15 04:47:37.800
CAR-01197,OP-REB-09,L01,2026-08-15 04:54:23,10.57,2026-08-15 05:04:57.200
CAR-01198,OP-REB-02,L01,2026-08-15 05:14:21,11.48,2026-08-15 05:25:49.800
CAR-01199,OP-REB-04,L02,2026-08-15 05:15:14,13.66,2026-08-15 05:28:53.600
CAR-01200,OP-REB-05,L02,2026-08-15 05:17:48,11.95,2026-08-15 05:29:45.000
CAR-01201,OP-REB-01,L02,2026-08-15 05:18:14,10.69,2026-08-15 05:28:55.400
CAR-01202,OP-REB-08,L01,2026-08-15 05:29:46,10.53,2026-08-15 05:40:17.800
CAR-01203,OP-REB-08,L02,2026-08-15 05:34:12,11.86,2026-08-15 05:46:03.600
CAR-01204,OP-REB-06,L02,2026-08-15 05:49:08,13.78,2026-08-15 06:02:54.800
CAR-01205,OP-REB-05,L01,2026-08-15 06:10:09,15.18,2026-08-15 06:25:19.800
CAR-01206,OP-REB-08,L01,2026-08-15 06:12:35,11.59,2026-08-15 06:24:10.400
CAR-01207,OP-REB-03,L02,2026-08-15 07:01:01,11.91,2026-08-15 07:12:55.600
CAR-01208,OP-REB-03,L02,2026-08-15 07:04:35,9.57,2026-08-15 07:14:09.200
CAR-01209,OP-REB-02,L02,2026-08-15 07:20:49,15.88,2026-08-15 07:36:41.800
CAR-01210,OP-REB-05,L01,2026-08-15 07:38:22,9.2,2026-08-15 07:47:34.000
CAR-01211,OP-REB-03,L02,2026-08-15 07:39:17,14.34,2026-08-15 07:53:37.400
CAR-01212,OP-REB-03,L01,2026-08-15 07:44:16,11.27,2026-08-15 07:55:32.200
CAR-01213,OP-REB-06,L01,2026-08-15 08:02:39,10.8,2026-08-15 08:13:27.000
CAR-01214,OP-REB-08,L02,2026-08-15 08:04:20,9.78,2026-08-15 08:14:06.800
CAR-01215,OP-REB-02,L02,2026-08-15 08:04:38,16.82,2026-08-15 08:21:27.200
CAR-01216,OP-REB-04,L01,2026-08-15 08:32:38,12.44,2026-08-15 08:45:04.400
CAR-01217,OP-REB-07,L01,2026-08-15 09:00:05,12.04,2026-08-15 09:12:07.400
CAR-01218,OP-REB-01,L02,2026-08-15 09:34:31,13.77,2026-08-15 09:48:17.200
CAR-01219,OP-REB-01,L02,2026-08-15 09:41:09,10.7,2026-08-15 09:51:51.000
CAR-01220,OP-REB-07,L02,2026-08-15 09:52:00,12.0,2026-08-15 10:04:00.000
CAR-01221,OP-REB-07,L01,2026-08-15 10:10:48,12.11,2026-08-15 10:22:54.600
CAR-01222,OP-REB-01,L01,2026-08-15 10:11:05,10.98,2026-08-15 10:22:03.800
CAR-01223,OP-REB-01,L02,2026-08-15 10:30:11,14.4,2026-08-15 10:44:35.000
CAR-01224,OP-REB-04,L01,2026-08-15 10:35:34,11.56,2026-08-15 10:47:07.600
CAR-01225,OP-REB-05,L01,2026-08-15 10:40:08,8.89,2026-08-15 10:49:01.400
CAR-01226,OP-REB-05,L02,2026-08-15 10:41:16,11.4,2026-08-15 10:52:40.000
CAR-01227,OP-REB-04,L01,2026-08-15 10:43:27,12.5,2026-08-15 10:55:57.000
CAR-01228,OP-REB-08,L02,2026-08-15 10:49:12,10.21,2026-08-15 10:59:24.600
CAR-01229,OP-REB-07,L02,2026-08-15 10:52:45,10.37,2026-08-15 11:03:07.200
CAR-01230,OP-REB-09,L01,2026-08-15 11:12:17,10.91,2026-08-15 11:23:11.600
CAR-01231,OP-REB-07,L01,2026-08-15 11:20:07,14.44,2026-08-15 11:34:33.400
CAR-01232,OP-REB-01,L02,2026-08-15 11:28:56,11.03,2026-08-15 11:39:57.800
CAR-01233,OP-REB-07,L01,2026-08-15 11:54:04,14.86,2026-08-15 12:08:55.600
CAR-01234,OP-REB-01,L02,2026-08-15 12:05:34,10.77,2026-08-15 12:16:20.200
CAR-01235,OP-REB-07,L01,2026-08-15 12:42:21,12.65,2026-08-15 12:55:00.000
CAR-01236,OP-REB-08,L01,2026-08-15 13:00:16,11.11,2026-08-15 13:11:22.600
CAR-01237,OP-REB-09,L01,2026-08-15 13:06:42,13.51,2026-08-15 13:20:12.600
CAR-01238,OP-REB-03,L02,2026-08-15 13:23:00,9.76,2026-08-15 13:32:45.600
CAR-01239,OP-REB-04,L01,2026-08-15 13:28:17,13.49,2026-08-15 13:41:46.400
CAR-01240,OP-REB-04,L02,2026-08-15 13:48:35,12.23,2026-08-15 14:00:48.800
CAR-01241,OP-REB-09,L02,2026-08-15 14:17:24,10.72,2026-08-15 14:28:07.200
CAR-01242,OP-REB-07,L02,2026-08-15 14:25:11,11.67,2026-08-15 14:36:51.200
CAR-01243,OP-REB-03,L01,2026-08-15 14:32:31,15.07,2026-08-15 14:47:35.200
CAR-01244,OP-REB-05,L02,2026-08-15 14:44:42,12.28,2026-08-15 14:56:58.800
CAR-01245,OP-REB-07,L02,2026-08-15 14:53:17,10.59,2026-08-15 15:03:52.400
CAR-01246,OP-REB-08,L01,2026-08-15 14:57:15,9.59,2026-08-15 15:06:50.400
CAR-01247,OP-REB-01,L02,2026-08-15 15:14:05,13.01,2026-08-15 15:27:05.600
CAR-01248,OP-REB-02,L02,2026-08-15 15:18:05,12.39,2026-08-15 15:30:28.400
CAR-01249,OP-REB-07,L01,2026-08-15 15:18:51,13.39,2026-08-15 15:32:14.400
CAR-01250,OP-REB-02,L02,2026-08-15 15:21:34,9.08,2026-08-15 15:30:38.800
CAR-01251,OP-REB-07,L01,2026-08-15 15:38:09,9.66,2026-08-15 15:47:48.600
CAR-01252,OP-REB-09,L02,2026-08-15 15:39:40,14.29,2026-08-15 15:53:57.400
CAR-01253,OP-REB-02,L02,2026-08-15 15:43:45,12.66,2026-08-15 15:56:24.600
CAR-01254,OP-REB-07,L01,2026-08-15 15:51:17,13.07,2026-08-15 16:04:21.200
CAR-01255,OP-REB-04,L02,2026-08-15 15:52:09,10.07,2026-08-15 16:02:13.200
CAR-01256,OP-REB-02,L02,2026-08-15 17:08:48,10.04,2026-08-15 17:18:50.400
CAR-01257,OP-REB-07,L02,2026-08-15 17:15:55,13.98,2026-08-15 17:29:53.800
CAR-01258,OP-REB-05,L01,2026-08-15 17:23:52,14.08,2026-08-15 17:37:56.800
CAR-01259,OP-REB-01,L01,2026-08-15 17:29:16,9.82,2026-08-15 17:39:05.200
CAR-01260,OP-REB-05,L01,2026-08-15 17:47:58,9.44,2026-08-15 17:57:24.400
CAR-01261,OP-REB-03,L01,2026-08-15 17:55:57,11.78,2026-08-15 18:07:43.800
CAR-01262,OP-REB-07,L01,2026-08-15 18:46:04,10.4,2026-08-15 18:56:28.000
CAR-01263,OP-REB-06,L02,2026-08-15 18:56:22,10.36,2026-08-15 19:06:43.600
CAR-01264,OP-REB-08,L01,2026-08-15 19:05:15,9.5,2026-08-15 19:14:45.000
CAR-01265,OP-REB-05,L01,2026-08-15 19:10:08,11.06,2026-08-15 19:21:11.600
CAR-01266,OP-REB-02,L01,2026-08-15 19:11:40,9.69,2026-08-15 19:21:21.400
CAR-01267,OP-REB-09,L02,2026-08-15 19:21:09,9.81,2026-08-15 19:30:57.600
CAR-01268,OP-REB-08,L02,2026-08-15 19:25:49,12.6,2026-08-15 19:38:25.000
CAR-01269,OP-REB-06,L01,2026-08-15 20:06:26,11.89,2026-08-15 20:18:19.400
CAR-01270,OP-REB-07,L02,2026-08-15 20:24:26,12.97,2026-08-15 20:37:24.200
CAR-01271,OP-REB-09,L02,2026-08-15 20:45:52,8.7,2026-08-15 20:54:34.000
CAR-01272,OP-REB-07,L02,2026-08-15 20:51:48,12.02,2026-08-15 21:03:49.200
CAR-01273,OP-REB-03,L02,2026-08-15 20:57:35,16.15,2026-08-15 21:13:44.000
CAR-01274,OP-REB-06,L01,2026-08-15 21:24:00,11.26,2026-08-15 21:35:15.600
CAR-01275,OP-REB-07,L01,2026-08-15 21:38:18,13.65,2026-08-15 21:51:57.000
CAR-01276,OP-REB-02,L02,2026-08-15 22:18:20,13.63,2026-08-15 22:31:57.800
CAR-01277,OP-REB-03,L02,2026-08-15 22:21:46,13.73,2026-08-15 22:35:29.800
CAR-01278,OP-REB-04,L02,2026-08-15 22:54:24,12.33,2026-08-15 23:06:43.800
CAR-01279,OP-REB-06,L02,2026-08-15 23:01:36,13.13,2026-08-15 23:14:43.800
CAR-01280,OP-REB-01,L01,2026-08-15 23:08:20,13.4,2026-08-15 23:21:44.000
CAR-01281,OP-REB-09,L02,2026-08-15 23:15:41,13.27,2026-08-15 23:28:57.200
CAR-01282,OP-REB-05,L01,2026-08-16 00:03:54,9.77,2026-08-16 00:13:40.200
CAR-01283,OP-REB-07,L02,2026-08-16 00:05:32,8.59,2026-08-16 00:14:07.400
CAR-01284,OP-REB-09,L01,2026-08-16 00:37:27,8.89,2026-08-16 00:46:20.400
CAR-01285,OP-REB-09,L02,2026-08-16 01:43:37,11.46,2026-08-16 01:55:04.600
CAR-01286,OP-REB-01,L01,2026-08-16 02:19:49,13.19,2026-08-16 02:33:00.400
CAR-01287,OP-REB-01,L01,2026-08-16 02:35:43,9.79,2026-08-16 02:45:30.400
CAR-01288,OP-REB-03,L01,2026-08-16 02:44:54,13.85,2026-08-16 02:58:45.000
CAR-01289,OP-REB-06,L02,2026-08-16 02:46:22,11.0,2026-08-16 02:57:22.000
CAR-01290,OP-REB-02,L01,2026-08-16 02:59:20,11.01,2026-08-16 03:10:20.600
CAR-01291,OP-REB-01,L02,2026-08-16 03:15:25,10.33,2026-08-16 03:25:44.800
CAR-01292,OP-REB-01,L01,2026-08-16 03:23:05,8.23,2026-08-16 03:31:18.800
CAR-01293,OP-REB-05,L01,2026-08-16 03:24:03,12.46,2026-08-16 03:36:30.600
CAR-01294,OP-REB-04,L02,2026-08-16 03:27:16,15.43,2026-08-16 03:42:41.800
CAR-01295,OP-REB-01,L01,2026-08-16 03:28:56,11.87,2026-08-16 03:40:48.200
CAR-01296,OP-REB-04,L02,2026-08-16 03:31:27,8.3,2026-08-16 03:39:45.000
CAR-01297,OP-REB-03,L02,2026-08-16 04:40:10,13.56,2026-08-16 04:53:43.600
CAR-01298,OP-REB-02,L02,2026-08-16 05:42:09,8.75,2026-08-16 05:50:54.000
CAR-01299,OP-REB-09,L02,2026-08-16 05:46:00,9.58,2026-08-16 05:55:34.800
CAR-01300,OP-REB-01,L01,2026-08-16 05:48:22,11.52,2026-08-16 05:59:53.200
CAR-01301,OP-REB-07,L01,2026-08-16 06:08:36,12.25,2026-08-16 06:20:51.000
CAR-01302,OP-REB-04,L02,2026-08-16 06:17:56,9.98,2026-08-16 06:27:54.800
CAR-01303,OP-REB-05,L01,2026-08-16 06:21:26,11.45,2026-08-16 06:32:53.000
CAR-01304,OP-REB-05,L01,2026-08-16 06:27:18,13.43,2026-08-16 06:40:43.800
CAR-01305,OP-REB-01,L02,2026-08-16 06:37:46,13.7,2026-08-16 06:51:28.000
CAR-01306,OP-REB-06,L01,2026-08-16 06:57:25,14.5,2026-08-16 07:11:55.000
CAR-01307,OP-REB-09,L02,2026-08-16 07:07:15,15.82,2026-08-16 07:23:04.200
CAR-01308,OP-REB-02,L01,2026-08-16 07:29:27,13.62,2026-08-16 07:43:04.200
CAR-01309,OP-REB-07,L01,2026-08-16 07:49:09,11.57,2026-08-16 08:00:43.200
CAR-01310,OP-REB-06,L02,2026-08-16 07:54:47,13.72,2026-08-16 08:08:30.200
CAR-01311,OP-REB-05,L01,2026-08-16 08:34:49,12.93,2026-08-16 08:47:44.800
CAR-01312,OP-REB-04,L01,2026-08-16 08:36:56,13.01,2026-08-16 08:49:56.600
CAR-01313,OP-REB-04,L02,2026-08-16 08:38:07,12.35,2026-08-16 08:50:28.000
CAR-01314,OP-REB-06,L01,2026-08-16 08:39:45,10.18,2026-08-16 08:49:55.800
CAR-01315,OP-REB-04,L02,2026-08-16 08:43:14,9.94,2026-08-16 08:53:10.400
CAR-01316,OP-REB-05,L01,2026-08-16 08:46:42,11.81,2026-08-16 08:58:30.600
CAR-01317,OP-REB-06,L02,2026-08-16 08:50:41,12.3,2026-08-16 09:02:59.000
CAR-01318,OP-REB-05,L02,2026-08-16 09:09:31,10.64,2026-08-16 09:20:09.400
CAR-01319,OP-REB-07,L02,2026-08-16 09:11:46,12.85,2026-08-16 09:24:37.000
CAR-01320,OP-REB-09,L02,2026-08-16 09:28:27,16.16,2026-08-16 09:44:36.600
CAR-01321,OP-REB-07,L02,2026-08-16 10:22:16,8.51,2026-08-16 10:30:46.600
CAR-01322,OP-REB-07,L01,2026-08-16 10:39:03,13.16,2026-08-16 10:52:12.600
CAR-01323,OP-REB-04,L01,2026-08-16 11:01:33,11.87,2026-08-16 11:13:25.200
CAR-01324,OP-REB-01,L02,2026-08-16 11:08:52,12.9,2026-08-16 11:21:46.000
CAR-01325,OP-REB-08,L01,2026-08-16 11:26:13,11.14,2026-08-16 11:37:21.400
CAR-01326,OP-REB-04,L02,2026-08-16 11:35:28,11.71,2026-08-16 11:47:10.600
CAR-01327,OP-REB-01,L01,2026-08-16 11:36:29,12.26,2026-08-16 11:48:44.600
CAR-01328,OP-REB-05,L01,2026-08-16 11:47:50,11.4,2026-08-16 11:59:14.000
CAR-01329,OP-REB-08,L02,2026-08-16 11:53:11,8.96,2026-08-16 12:02:08.600
CAR-01330,OP-REB-04,L02,2026-08-16 12:00:30,11.53,2026-08-16 12:12:01.800
CAR-01331,OP-REB-08,L01,2026-08-16 12:49:27,9.17,2026-08-16 12:58:37.200
CAR-01332,OP-REB-08,L01,2026-08-16 13:05:09,13.31,2026-08-16 13:18:27.600
CAR-01333,OP-REB-03,L02,2026-08-16 13:08:05,8.27,2026-08-16 13:16:21.200
CAR-01334,OP-REB-09,L01,2026-08-16 13:28:25,14.06,2026-08-16 13:42:28.600
CAR-01335,OP-REB-03,L01,2026-08-16 13:31:02,12.86,2026-08-16 13:43:53.600
CAR-01336,OP-REB-01,L02,2026-08-16 13:38:03,12.87,2026-08-16 13:50:55.200
CAR-01337,OP-REB-02,L01,2026-08-16 13:47:50,7.67,2026-08-16 13:55:30.200
CAR-01338,OP-REB-06,L02,2026-08-16 14:24:43,11.34,2026-08-16 14:36:03.400
CAR-01339,OP-REB-02,L02,2026-08-16 15:30:28,14.31,2026-08-16 15:44:46.600
CAR-01340,OP-REB-06,L02,2026-08-16 15:48:49,10.96,2026-08-16 15:59:46.600
CAR-01341,OP-REB-01,L01,2026-08-16 16:06:37,9.84,2026-08-16 16:16:27.400
CAR-01342,OP-REB-01,L01,2026-08-16 16:19:00,10.73,2026-08-16 16:29:43.800
CAR-01343,OP-REB-05,L02,2026-08-16 16:44:39,11.86,2026-08-16 16:56:30.600
CAR-01344,OP-REB-09,L02,2026-08-16 16:45:42,10.3,2026-08-16 16:56:00.000
CAR-01345,OP-REB-08,L01,2026-08-16 17:18:57,14.47,2026-08-16 17:33:25.200
CAR-01346,OP-REB-03,L01,2026-08-16 17:22:01,11.87,2026-08-16 17:33:53.200
CAR-01347,OP-REB-03,L01,2026-08-16 17:34:42,10.89,2026-08-16 17:45:35.400
CAR-01348,OP-REB-01,L02,2026-08-16 17:41:46,9.4,2026-08-16 17:51:10.000
CAR-01349,OP-REB-03,L02,2026-08-16 17:48:06,12.97,2026-08-16 18:01:04.200
CAR-01350,OP-REB-01,L01,2026-08-16 19:07:56,12.92,2026-08-16 19:20:51.200
CAR-01351,OP-REB-08,L01,2026-08-16 19:11:39,10.42,2026-08-16 19:22:04.200
CAR-01352,OP-REB-01,L01,2026-08-16 19:17:42,7.53,2026-08-16 19:25:13.800
CAR-01353,OP-REB-05,L02,2026-08-16 19:20:27,12.82,2026-08-16 19:33:16.200
CAR-01354,OP-REB-09,L02,2026-08-16 19:30:13,11.63,2026-08-16 19:41:50.800
CAR-01355,OP-REB-07,L01,2026-08-16 19:49:26,12.67,2026-08-16 20:02:06.200
CAR-01356,OP-REB-04,L01,2026-08-16 19:56:48,15.91,2026-08-16 20:12:42.600
CAR-01357,OP-REB-09,L02,2026-08-16 20:11:38,11.95,2026-08-16 20:23:35.000
CAR-01358,OP-REB-09,L02,2026-08-16 20:30:07,10.97,2026-08-16 20:41:05.200
CAR-01359,OP-REB-02,L01,2026-08-16 21:35:44,9.71,2026-08-16 21:45:26.600
CAR-01360,OP-REB-06,L01,2026-08-16 21:42:44,11.38,2026-08-16 21:54:06.800
CAR-01361,OP-REB-04,L01,2026-08-16 21:44:55,12.32,2026-08-16 21:57:14.200
CAR-01362,OP-REB-08,L02,2026-08-16 21:50:38,12.11,2026-08-16 22:02:44.600
CAR-01363,OP-REB-07,L01,2026-08-16 22:00:49,15.45,2026-08-16 22:16:16.000
CAR-01364,OP-REB-07,L02,2026-08-16 22:27:47,13.0,2026-08-16 22:40:47.000
CAR-01365,OP-REB-09,L02,2026-08-16 22:32:11,11.73,2026-08-16 22:43:54.800
CAR-01366,OP-REB-05,L01,2026-08-16 22:58:53,10.59,2026-08-16 23:09:28.400
CAR-01367,OP-REB-06,L01,2026-08-16 23:38:10,12.53,2026-08-16 23:50:41.800
CAR-01368,OP-REB-01,L02,2026-08-16 23:38:27,10.19,2026-08-16 23:48:38.400
CAR-01369,OP-REB-06,L01,2026-08-16 23:57:22,12.36,2026-08-17 00:09:43.600
CAR-01370,OP-REB-02,L02,2026-08-17 00:00:28,12.97,2026-08-17 00:13:26.200
CAR-01371,OP-REB-06,L01,2026-08-17 00:48:35,11.57,2026-08-17 01:00:09.200
CAR-01372,OP-REB-09,L01,2026-08-17 00:55:33,10.74,2026-08-17 01:06:17.400
CAR-01373,OP-REB-08,L01,2026-08-17 01:04:12,7.63,2026-08-17 01:11:49.800
CAR-01374,OP-REB-09,L01,2026-08-17 01:09:33,14.29,2026-08-17 01:23:50.400
CAR-01375,OP-REB-08,L02,2026-08-17 01:40:08,12.81,2026-08-17 01:52:56.600
CAR-01376,OP-REB-03,L02,2026-08-17 01:40:53,12.86,2026-08-17 01:53:44.600
CAR-01377,OP-REB-08,L02,2026-08-17 01:47:03,8.88,2026-08-17 01:55:55.800
CAR-01378,OP-REB-06,L01,2026-08-17 01:56:03,14.76,2026-08-17 02:10:48.600
CAR-01379,OP-REB-06,L02,2026-08-17 02:31:49,11.07,2026-08-17 02:42:53.200
CAR-01380,OP-REB-06,L02,2026-08-17 02:34:33,11.42,2026-08-17 02:45:58.200
CAR-01381,OP-REB-03,L02,2026-08-17 02:40:55,9.86,2026-08-17 02:50:46.600
CAR-01382,OP-REB-01,L01,2026-08-17 02:41:25,8.43,2026-08-17 02:49:50.800
CAR-01383,OP-REB-04,L02,2026-08-17 03:49:32,14.31,2026-08-17 04:03:50.600
CAR-01384,OP-REB-06,L01,2026-08-17 04:49:24,14.57,2026-08-17 05:03:58.200
CAR-01385,OP-REB-02,L01,2026-08-17 04:50:46,11.67,2026-08-17 05:02:26.200
CAR-01386,OP-REB-07,L02,2026-08-17 04:52:49,10.64,2026-08-17 05:03:27.400
CAR-01387,OP-REB-07,L01,2026-08-17 05:18:24,11.25,2026-08-17 05:29:39.000
CAR-01388,OP-REB-04,L02,2026-08-17 05:25:46,11.3,2026-08-17 05:37:04.000
CAR-01389,OP-REB-04,L02,2026-08-17 06:13:14,9.6,2026-08-17 06:22:50.000
CAR-01390,OP-REB-01,L02,2026-08-17 06:29:59,11.42,2026-08-17 06:41:24.200
CAR-01391,OP-REB-02,L02,2026-08-17 06:30:50,12.31,2026-08-17 06:43:08.600
CAR-01392,OP-REB-09,L02,2026-08-17 06:33:38,14.04,2026-08-17 06:47:40.400
CAR-01393,OP-REB-08,L01,2026-08-17 06:39:35,12.03,2026-08-17 06:51:36.800
CAR-01394,OP-REB-08,L02,2026-08-17 07:10:52,8.85,2026-08-17 07:19:43.000
CAR-01395,OP-REB-09,L01,2026-08-17 07:16:20,12.71,2026-08-17 07:29:02.600
CAR-01396,OP-REB-07,L02,2026-08-17 08:05:59,11.49,2026-08-17 08:17:28.400
CAR-01397,OP-REB-09,L02,2026-08-17 08:11:21,14.74,2026-08-17 08:26:05.400
CAR-01398,OP-REB-02,L02,2026-08-17 08:32:18,14.86,2026-08-17 08:47:09.600
CAR-01399,OP-REB-06,L01,2026-08-17 09:04:30,14.93,2026-08-17 09:19:25.800
CAR-01400,OP-REB-03,L01,2026-08-17 09:47:05,10.88,2026-08-17 09:57:57.800
CAR-01401,OP-REB-06,L01,2026-08-17 10:30:16,15.98,2026-08-17 10:46:14.800
CAR-01402,OP-REB-03,L01,2026-08-17 10:51:12,12.7,2026-08-17 11:03:54.000
CAR-01403,OP-REB-08,L02,2026-08-17 10:58:03,15.25,2026-08-17 11:13:18.000
CAR-01404,OP-REB-04,L02,2026-08-17 11:06:44,10.99,2026-08-17 11:17:43.400
CAR-01405,OP-REB-06,L01,2026-08-17 11:28:27,11.4,2026-08-17 11:39:51.000
CAR-01406,OP-REB-09,L01,2026-08-17 12:01:44,12.55,2026-08-17 12:14:17.000
CAR-01407,OP-REB-02,L01,2026-08-17 12:05:30,12.3,2026-08-17 12:17:48.000
CAR-01408,OP-REB-02,L02,2026-08-17 12:26:08,14.51,2026-08-17 12:40:38.600
CAR-01409,OP-REB-07,L01,2026-08-17 13:20:36,11.54,2026-08-17 13:32:08.400
CAR-01410,OP-REB-02,L01,2026-08-17 13:37:34,14.33,2026-08-17 13:51:53.800
CAR-01411,OP-REB-02,L02,2026-08-17 13:51:46,13.46,2026-08-17 14:05:13.600
CAR-01412,OP-REB-04,L01,2026-08-17 13:53:42,11.57,2026-08-17 14:05:16.200
CAR-01413,OP-REB-09,L02,2026-08-17 14:00:20,13.31,2026-08-17 14:13:38.600
CAR-01414,OP-REB-08,L02,2026-08-17 14:18:10,11.05,2026-08-17 14:29:13.000
CAR-01415,OP-REB-02,L02,2026-08-17 14:35:54,16.7,2026-08-17 14:52:36.000
CAR-01416,OP-REB-08,L02,2026-08-17 14:47:02,6.67,2026-08-17 14:53:42.200
CAR-01417,OP-REB-04,L02,2026-08-17 14:53:17,13.35,2026-08-17 15:06:38.000
CAR-01418,OP-REB-02,L01,2026-08-17 14:54:07,8.47,2026-08-17 15:02:35.200
CAR-01419,OP-REB-07,L01,2026-08-17 14:54:26,11.55,2026-08-17 15:05:59.000
CAR-01420,OP-REB-06,L02,2026-08-17 15:00:21,11.83,2026-08-17 15:12:10.800
CAR-01421,OP-REB-05,L02,2026-08-17 15:20:12,15.02,2026-08-17 15:35:13.200
CAR-01422,OP-REB-01,L01,2026-08-17 15:37:57,10.62,2026-08-17 15:48:34.200
CAR-01423,OP-REB-02,L01,2026-08-17 15:46:56,14.62,2026-08-17 16:01:33.200
CAR-01424,OP-REB-08,L02,2026-08-17 15:56:15,9.64,2026-08-17 16:05:53.400
CAR-01425,OP-REB-01,L01,2026-08-17 16:08:17,14.69,2026-08-17 16:22:58.400
CAR-01426,OP-REB-03,L01,2026-08-17 16:19:01,11.05,2026-08-17 16:30:04.000
CAR-01427,OP-REB-02,L02,2026-08-17 16:25:45,12.15,2026-08-17 16:37:54.000
CAR-01428,OP-REB-05,L01,2026-08-17 16:56:36,11.33,2026-08-17 17:07:55.800
CAR-01429,OP-REB-04,L01,2026-08-17 17:21:26,14.56,2026-08-17 17:35:59.600
CAR-01430,OP-REB-07,L01,2026-08-17 17:49:05,14.18,2026-08-17 18:03:15.800
CAR-01431,OP-REB-05,L01,2026-08-17 17:57:52,12.89,2026-08-17 18:10:45.400
CAR-01432,OP-REB-08,L02,2026-08-17 17:59:01,9.7,2026-08-17 18:08:43.000
CAR-01433,OP-REB-04,L01,2026-08-17 18:13:08,10.57,2026-08-17 18:23:42.200
CAR-01434,OP-REB-06,L02,2026-08-17 18:14:05,9.94,2026-08-17 18:24:01.400
CAR-01435,OP-REB-04,L01,2026-08-17 18:41:20,7.5,2026-08-17 18:48:50.000
CAR-01436,OP-REB-02,L02,2026-08-17 18:42:07,14.52,2026-08-17 18:56:38.200
CAR-01437,OP-REB-01,L02,2026-08-17 19:05:51,11.34,2026-08-17 19:17:11.400
CAR-01438,OP-REB-01,L01,2026-08-17 19:07:06,11.32,2026-08-17 19:18:25.200
CAR-01439,OP-REB-08,L02,2026-08-17 19:21:31,14.99,2026-08-17 19:36:30.400
CAR-01440,OP-REB-04,L02,2026-08-17 20:10:41,11.05,2026-08-17 20:21:44.000
CAR-01441,OP-REB-05,L02,2026-08-17 20:39:37,10.32,2026-08-17 20:49:56.200
CAR-01442,OP-REB-08,L02,2026-08-17 21:02:16,11.55,2026-08-17 21:13:49.000
CAR-01443,OP-REB-07,L02,2026-08-17 21:13:08,9.73,2026-08-17 21:22:51.800
CAR-01444,OP-REB-08,L01,2026-08-17 21:34:14,12.69,2026-08-17 21:46:55.400
CAR-01445,OP-REB-08,L02,2026-08-17 21:35:33,11.25,2026-08-17 21:46:48.000
CAR-01446,OP-REB-06,L02,2026-08-17 21:55:58,10.99,2026-08-17 22:06:57.400
CAR-01447,OP-REB-02,L01,2026-08-17 22:26:18,10.81,2026-08-17 22:37:06.600
CAR-01448,OP-REB-06,L01,2026-08-17 23:01:57,11.79,2026-08-17 23:13:44.400
CAR-01449,OP-REB-01,L02,2026-08-18 00:12:40,12.17,2026-08-18 00:24:50.200
CAR-01450,OP-REB-01,L01,2026-08-18 00:13:41,10.96,2026-08-18 00:24:38.600
CAR-01451,OP-REB-03,L01,2026-08-18 00:26:03,11.28,2026-08-18 00:37:19.800
CAR-01452,OP-REB-03,L01,2026-08-18 00:55:03,11.84,2026-08-18 01:06:53.400
CAR-01453,OP-REB-05,L01,2026-08-18 01:02:56,11.64,2026-08-18 01:14:34.400
CAR-01454,OP-REB-01,L01,2026-08-18 01:07:18,12.06,2026-08-18 01:19:21.600
CAR-01455,OP-REB-06,L01,2026-08-18 02:08:28,10.65,2026-08-18 02:19:07.000
CAR-01456,OP-REB-07,L02,2026-08-18 02:17:45,14.01,2026-08-18 02:31:45.600
CAR-01457,OP-REB-03,L02,2026-08-18 02:28:01,12.19,2026-08-18 02:40:12.400
CAR-01458,OP-REB-04,L01,2026-08-18 03:32:13,10.99,2026-08-18 03:43:12.400
CAR-01459,OP-REB-03,L01,2026-08-18 03:51:14,12.69,2026-08-18 04:03:55.400
CAR-01460,OP-REB-01,L02,2026-08-18 04:07:53,11.85,2026-08-18 04:19:44.000
CAR-01461,OP-REB-08,L01,2026-08-18 04:13:56,8.53,2026-08-18 04:22:27.800
CAR-01462,OP-REB-02,L02,2026-08-18 04:36:47,12.68,2026-08-18 04:49:27.800
CAR-01463,OP-REB-01,L01,2026-08-18 04:48:12,9.96,2026-08-18 04:58:09.600
CAR-01464,OP-REB-08,L02,2026-08-18 05:01:31,13.87,2026-08-18 05:15:23.200
CAR-01465,OP-REB-07,L02,2026-08-18 05:08:09,11.52,2026-08-18 05:19:40.200
CAR-01466,OP-REB-07,L01,2026-08-18 05:29:36,13.56,2026-08-18 05:43:09.600
CAR-01467,OP-REB-04,L01,2026-08-18 06:28:05,10.74,2026-08-18 06:38:49.400
CAR-01468,OP-REB-09,L01,2026-08-18 06:38:11,12.14,2026-08-18 06:50:19.400
CAR-01469,OP-REB-06,L01,2026-08-18 07:31:11,14.42,2026-08-18 07:45:36.200
CAR-01470,OP-REB-02,L02,2026-08-18 07:39:24,11.46,2026-08-18 07:50:51.600
CAR-01471,OP-REB-01,L01,2026-08-18 07:45:53,10.82,2026-08-18 07:56:42.200
CAR-01472,OP-REB-01,L02,2026-08-18 08:30:52,13.31,2026-08-18 08:44:10.600
CAR-01473,OP-REB-09,L01,2026-08-18 08:34:10,13.27,2026-08-18 08:47:26.200
CAR-01474,OP-REB-04,L02,2026-08-18 08:37:16,10.9,2026-08-18 08:48:10.000
CAR-01475,OP-REB-05,L01,2026-08-18 08:38:21,8.03,2026-08-18 08:46:22.800
CAR-01476,OP-REB-03,L01,2026-08-18 09:07:15,10.78,2026-08-18 09:18:01.800
CAR-01477,OP-REB-04,L02,2026-08-18 09:13:35,13.35,2026-08-18 09:26:56.000
CAR-01478,OP-REB-08,L01,2026-08-18 09:23:26,10.45,2026-08-18 09:33:53.000
CAR-01479,OP-REB-04,L01,2026-08-18 09:27:15,11.98,2026-08-18 09:39:13.800
CAR-01480,OP-REB-09,L01,2026-08-18 10:07:04,10.69,2026-08-18 10:17:45.400
CAR-01481,OP-REB-09,L01,2026-08-18 10:50:05,8.14,2026-08-18 10:58:13.400
CAR-01482,OP-REB-06,L01,2026-08-18 11:08:51,10.65,2026-08-18 11:19:30.000
CAR-01483,OP-REB-02,L02,2026-08-18 11:44:53,13.35,2026-08-18 11:58:14.000
CAR-01484,OP-REB-07,L01,2026-08-18 11:53:56,7.26,2026-08-18 12:01:11.600
CAR-01485,OP-REB-09,L02,2026-08-18 11:54:37,12.5,2026-08-18 12:07:07.000
CAR-01486,OP-REB-06,L01,2026-08-18 12:04:47,9.63,2026-08-18 12:14:24.800
CAR-01487,OP-REB-03,L01,2026-08-18 12:20:33,13.22,2026-08-18 12:33:46.200
CAR-01488,OP-REB-07,L02,2026-08-18 12:30:52,13.43,2026-08-18 12:44:17.800
CAR-01489,OP-REB-05,L02,2026-08-18 12:39:45,11.66,2026-08-18 12:51:24.600
CAR-01490,OP-REB-01,L02,2026-08-18 12:48:13,11.66,2026-08-18 12:59:52.600
CAR-01491,OP-REB-03,L02,2026-08-18 13:36:16,10.39,2026-08-18 13:46:39.400
CAR-01492,OP-REB-05,L02,2026-08-18 13:49:32,9.31,2026-08-18 13:58:50.600
CAR-01493,OP-REB-07,L01,2026-08-18 14:00:18,15.4,2026-08-18 14:15:42.000
CAR-01494,OP-REB-03,L02,2026-08-18 14:09:49,10.27,2026-08-18 14:20:05.200
CAR-01495,OP-REB-06,L02,2026-08-18 14:14:52,15.14,2026-08-18 14:30:00.400
CAR-01496,OP-REB-05,L01,2026-08-18 14:16:25,10.28,2026-08-18 14:26:41.800
CAR-01497,OP-REB-01,L01,2026-08-18 14:19:31,13.05,2026-08-18 14:32:34.000
CAR-01498,OP-REB-06,L02,2026-08-18 14:34:58,9.72,2026-08-18 14:44:41.200
CAR-01499,OP-REB-08,L02,2026-08-18 14:41:11,13.05,2026-08-18 14:54:14.000
CAR-01500,OP-REB-01,L02,2026-08-18 14:54:04,11.35,2026-08-18 15:05:25.000
CAR-01501,OP-REB-02,L01,2026-08-18 14:55:42,11.37,2026-08-18 15:07:04.200
CAR-01502,OP-REB-04,L02,2026-08-18 15:02:32,13.22,2026-08-18 15:15:45.200
CAR-01503,OP-REB-02,L01,2026-08-18 15:06:24,11.06,2026-08-18 15:17:27.600
CAR-01504,OP-REB-09,L01,2026-08-18 15:08:01,9.14,2026-08-18 15:17:09.400
CAR-01505,OP-REB-08,L01,2026-08-18 15:13:45,13.52,2026-08-18 15:27:16.200
CAR-01506,OP-REB-08,L01,2026-08-18 15:18:57,9.71,2026-08-18 15:28:39.600
CAR-01507,OP-REB-04,L02,2026-08-18 15:32:45,13.03,2026-08-18 15:45:46.800
CAR-01508,OP-REB-05,L01,2026-08-18 15:53:04,13.95,2026-08-18 16:07:01.000
CAR-01509,OP-REB-04,L01,2026-08-18 15:55:44,11.25,2026-08-18 16:06:59.000
CAR-01510,OP-REB-09,L02,2026-08-18 16:47:10,14.36,2026-08-18 17:01:31.600
CAR-01511,OP-REB-02,L01,2026-08-18 16:59:09,12.96,2026-08-18 17:12:06.600
CAR-01512,OP-REB-08,L02,2026-08-18 17:11:30,10.61,2026-08-18 17:22:06.600
CAR-01513,OP-REB-02,L01,2026-08-18 17:17:13,14.8,2026-08-18 17:32:01.000
CAR-01514,OP-REB-01,L02,2026-08-18 18:12:40,9.72,2026-08-18 18:22:23.200
CAR-01515,OP-REB-03,L01,2026-08-18 18:42:22,11.25,2026-08-18 18:53:37.000
CAR-01516,OP-REB-09,L01,2026-08-18 18:58:56,11.59,2026-08-18 19:10:31.400
CAR-01517,OP-REB-03,L02,2026-08-18 19:31:49,13.21,2026-08-18 19:45:01.600
CAR-01518,OP-REB-09,L01,2026-08-18 19:41:27,14.23,2026-08-18 19:55:40.800
CAR-01519,OP-REB-07,L01,2026-08-18 19:59:23,14.11,2026-08-18 20:13:29.600
CAR-01520,OP-REB-01,L02,2026-08-18 20:06:43,12.45,2026-08-18 20:19:10.000
CAR-01521,OP-REB-05,L01,2026-08-18 20:31:41,11.44,2026-08-18 20:43:07.400
CAR-01522,OP-REB-09,L01,2026-08-18 20:41:41,8.35,2026-08-18 20:50:02.000
CAR-01523,OP-REB-03,L02,2026-08-18 20:58:08,9.37,2026-08-18 21:07:30.200
CAR-01524,OP-REB-09,L02,2026-08-18 21:21:42,15.53,2026-08-18 21:37:13.800
CAR-01525,OP-REB-05,L02,2026-08-18 21:25:50,8.33,2026-08-18 21:34:09.800
CAR-01526,OP-REB-09,L02,2026-08-18 21:40:33,10.43,2026-08-18 21:50:58.800
CAR-01527,OP-REB-06,L02,2026-08-18 21:43:36,14.29,2026-08-18 21:57:53.400
CAR-01528,OP-REB-09,L01,2026-08-18 21:58:42,12.42,2026-08-18 22:11:07.200
CAR-01529,OP-REB-07,L02,2026-08-18 22:02:14,13.86,2026-08-18 22:16:05.600
CAR-01530,OP-REB-07,L01,2026-08-18 22:25:37,13.09,2026-08-18 22:38:42.400
CAR-01531,OP-REB-08,L02,2026-08-18 22:48:17,14.94,2026-08-18 23:03:13.400
CAR-01532,OP-REB-07,L01,2026-08-18 23:13:34,12.59,2026-08-18 23:26:09.400
CAR-01533,OP-REB-09,L01,2026-08-18 23:14:51,13.33,2026-08-18 23:28:10.800
CAR-01534,OP-REB-09,L02,2026-08-18 23:19:51,10.55,2026-08-18 23:30:24.000
CAR-01535,OP-REB-06,L01,2026-08-18 23:21:06,13.17,2026-08-18 23:34:16.200
CAR-01536,OP-REB-07,L01,2026-08-18 23:47:55,11.21,2026-08-18 23:59:07.600
CAR-01537,OP-REB-02,L02,2026-08-18 23:59:44,11.09,2026-08-19 00:10:49.400
CAR-01538,OP-REB-09,L02,2026-08-19 00:04:14,13.79,2026-08-19 00:18:01.400
CAR-01539,OP-REB-01,L02,2026-08-19 00:07:06,13.8,2026-08-19 00:20:54.000
CAR-01540,OP-REB-01,L02,2026-08-19 00:20:37,15.38,2026-08-19 00:35:59.800
CAR-01541,OP-REB-03,L01,2026-08-19 01:15:12,15.25,2026-08-19 01:30:27.000
CAR-01542,OP-REB-06,L01,2026-08-19 01:21:50,13.83,2026-08-19 01:35:39.800
CAR-01543,OP-REB-05,L01,2026-08-19 01:23:21,8.56,2026-08-19 01:31:54.600
CAR-01544,OP-REB-02,L01,2026-08-19 02:01:29,15.66,2026-08-19 02:17:08.600
CAR-01545,OP-REB-09,L01,2026-08-19 03:02:28,13.84,2026-08-19 03:16:18.400
CAR-01546,OP-REB-04,L01,2026-08-19 03:03:33,10.47,2026-08-19 03:14:01.200
CAR-01547,OP-REB-04,L02,2026-08-19 03:30:36,13.46,2026-08-19 03:44:03.600
CAR-01548,OP-REB-05,L01,2026-08-19 03:47:41,9.93,2026-08-19 03:57:36.800
CAR-01549,OP-REB-08,L01,2026-08-19 04:01:15,13.24,2026-08-19 04:14:29.400
CAR-01550,OP-REB-04,L01,2026-08-19 04:01:38,9.37,2026-08-19 04:11:00.200
CAR-01551,OP-REB-05,L02,2026-08-19 04:03:49,10.38,2026-08-19 04:14:11.800
CAR-01552,OP-REB-04,L02,2026-08-19 04:07:39,13.42,2026-08-19 04:21:04.200
CAR-01553,OP-REB-06,L02,2026-08-19 04:12:42,14.15,2026-08-19 04:26:51.000
CAR-01554,OP-REB-03,L02,2026-08-19 04:21:42,12.65,2026-08-19 04:34:21.000
CAR-01555,OP-REB-08,L01,2026-08-19 04:38:04,11.43,2026-08-19 04:49:29.800
CAR-01556,OP-REB-06,L01,2026-08-19 04:42:02,7.77,2026-08-19 04:49:48.200
CAR-01557,OP-REB-05,L01,2026-08-19 04:55:30,11.58,2026-08-19 05:07:04.800
CAR-01558,OP-REB-02,L02,2026-08-19 05:24:28,13.07,2026-08-19 05:37:32.200
CAR-01559,OP-REB-07,L01,2026-08-19 05:35:31,11.37,2026-08-19 05:46:53.200
CAR-01560,OP-REB-02,L01,2026-08-19 05:41:34,11.95,2026-08-19 05:53:31.000
CAR-01561,OP-REB-01,L01,2026-08-19 05:43:25,11.63,2026-08-19 05:55:02.800
CAR-01562,OP-REB-07,L02,2026-08-19 05:48:30,11.36,2026-08-19 05:59:51.600
CAR-01563,OP-REB-05,L02,2026-08-19 05:50:23,12.15,2026-08-19 06:02:32.000
CAR-01564,OP-REB-01,L02,2026-08-19 06:12:59,11.45,2026-08-19 06:24:26.000
CAR-01565,OP-REB-04,L01,2026-08-19 06:16:22,14.89,2026-08-19 06:31:15.400
CAR-01566,OP-REB-04,L01,2026-08-19 06:21:58,7.59,2026-08-19 06:29:33.400
CAR-01567,OP-REB-07,L01,2026-08-19 06:23:37,10.91,2026-08-19 06:34:31.600
CAR-01568,OP-REB-09,L01,2026-08-19 06:55:06,10.26,2026-08-19 07:05:21.600
CAR-01569,OP-REB-02,L02,2026-08-19 07:06:01,12.44,2026-08-19 07:18:27.400
CAR-01570,OP-REB-01,L01,2026-08-19 07:08:32,12.15,2026-08-19 07:20:41.000
CAR-01571,OP-REB-02,L02,2026-08-19 07:25:54,15.24,2026-08-19 07:41:08.400
CAR-01572,OP-REB-07,L01,2026-08-19 07:27:53,15.9,2026-08-19 07:43:47.000
CAR-01573,OP-REB-06,L02,2026-08-19 07:44:16,10.45,2026-08-19 07:54:43.000
CAR-01574,OP-REB-04,L01,2026-08-19 07:48:49,12.0,2026-08-19 08:00:49.000
CAR-01575,OP-REB-01,L01,2026-08-19 08:14:59,12.39,2026-08-19 08:27:22.400
CAR-01576,OP-REB-01,L02,2026-08-19 08:38:38,10.4,2026-08-19 08:49:02.000
CAR-01577,OP-REB-05,L02,2026-08-19 08:44:30,13.26,2026-08-19 08:57:45.600
CAR-01578,OP-REB-01,L01,2026-08-19 09:14:07,11.52,2026-08-19 09:25:38.200
CAR-01579,OP-REB-07,L01,2026-08-19 09:17:33,9.86,2026-08-19 09:27:24.600
CAR-01580,OP-REB-01,L01,2026-08-19 09:18:41,11.44,2026-08-19 09:30:07.400
CAR-01581,OP-REB-01,L02,2026-08-19 09:23:58,10.0,2026-08-19 09:33:58.000
CAR-01582,OP-REB-02,L01,2026-08-19 09:27:08,14.07,2026-08-19 09:41:12.200
CAR-01583,OP-REB-03,L02,2026-08-19 09:42:40,15.8,2026-08-19 09:58:28.000
CAR-01584,OP-REB-01,L01,2026-08-19 09:52:03,12.49,2026-08-19 10:04:32.400
CAR-01585,OP-REB-09,L01,2026-08-19 10:06:46,12.22,2026-08-19 10:18:59.200
CAR-01586,OP-REB-08,L01,2026-08-19 10:39:11,12.3,2026-08-19 10:51:29.000
CAR-01587,OP-REB-05,L01,2026-08-19 11:21:26,14.36,2026-08-19 11:35:47.600
CAR-01588,OP-REB-02,L02,2026-08-19 11:23:43,14.32,2026-08-19 11:38:02.200
CAR-01589,OP-REB-05,L02,2026-08-19 11:27:13,11.77,2026-08-19 11:38:59.200
CAR-01590,OP-REB-06,L01,2026-08-19 11:39:17,12.51,2026-08-19 11:51:47.600
CAR-01591,OP-REB-01,L01,2026-08-19 11:56:30,13.31,2026-08-19 12:09:48.600
CAR-01592,OP-REB-04,L01,2026-08-19 12:07:02,9.72,2026-08-19 12:16:45.200
CAR-01593,OP-REB-09,L02,2026-08-19 12:19:29,14.43,2026-08-19 12:33:54.800
CAR-01594,OP-REB-02,L01,2026-08-19 12:30:38,15.47,2026-08-19 12:46:06.200
CAR-01595,OP-REB-05,L02,2026-08-19 12:39:19,14.33,2026-08-19 12:53:38.800
CAR-01596,OP-REB-01,L02,2026-08-19 13:04:37,9.51,2026-08-19 13:14:07.600
CAR-01597,OP-REB-04,L02,2026-08-19 13:18:50,8.06,2026-08-19 13:26:53.600
CAR-01598,OP-REB-04,L02,2026-08-19 13:34:20,13.42,2026-08-19 13:47:45.200
CAR-01599,OP-REB-06,L01,2026-08-19 13:47:26,10.48,2026-08-19 13:57:54.800
CAR-01600,OP-REB-09,L01,2026-08-19 13:53:13,12.57,2026-08-19 14:05:47.200
CAR-01601,OP-REB-03,L02,2026-08-19 14:06:38,15.07,2026-08-19 14:21:42.200
CAR-01602,OP-REB-09,L01,2026-08-19 14:54:21,10.69,2026-08-19 15:05:02.400
CAR-01603,OP-REB-06,L01,2026-08-19 15:06:55,11.24,2026-08-19 15:18:09.400
CAR-01604,OP-REB-07,L01,2026-08-19 15:21:18,12.55,2026-08-19 15:33:51.000
CAR-01605,OP-REB-02,L02,2026-08-19 15:27:08,9.4,2026-08-19 15:36:32.000
CAR-01606,OP-REB-06,L01,2026-08-19 15:33:09,10.48,2026-08-19 15:43:37.800
CAR-01607,OP-REB-06,L01,2026-08-19 16:12:41,12.05,2026-08-19 16:24:44.000
CAR-01608,OP-REB-02,L01,2026-08-19 16:37:25,11.4,2026-08-19 16:48:49.000
CAR-01609,OP-REB-02,L01,2026-08-19 17:11:16,13.22,2026-08-19 17:24:29.200
CAR-01610,OP-REB-02,L01,2026-08-19 17:48:10,17.53,2026-08-19 18:05:41.800
CAR-01611,OP-REB-01,L01,2026-08-19 18:20:01,12.2,2026-08-19 18:32:13.000
CAR-01612,OP-REB-05,L01,2026-08-19 18:23:12,10.32,2026-08-19 18:33:31.200
CAR-01613,OP-REB-08,L01,2026-08-19 18:25:08,14.84,2026-08-19 18:39:58.400
CAR-01614,OP-REB-02,L01,2026-08-19 18:33:16,8.82,2026-08-19 18:42:05.200
CAR-01615,OP-REB-05,L01,2026-08-19 18:42:26,9.22,2026-08-19 18:51:39.200
CAR-01616,OP-REB-08,L02,2026-08-19 18:53:16,10.81,2026-08-19 19:04:04.600
CAR-01617,OP-REB-05,L01,2026-08-19 19:09:35,11.43,2026-08-19 19:21:00.800
CAR-01618,OP-REB-02,L02,2026-08-19 19:25:46,10.76,2026-08-19 19:36:31.600
CAR-01619,OP-REB-03,L01,2026-08-19 19:51:58,11.94,2026-08-19 20:03:54.400
CAR-01620,OP-REB-06,L02,2026-08-19 20:21:12,12.55,2026-08-19 20:33:45.000
CAR-01621,OP-REB-05,L02,2026-08-19 20:33:38,14.14,2026-08-19 20:47:46.400
CAR-01622,OP-REB-04,L01,2026-08-19 21:28:28,12.18,2026-08-19 21:40:38.800
CAR-01623,OP-REB-04,L02,2026-08-19 21:42:34,10.88,2026-08-19 21:53:26.800
CAR-01624,OP-REB-05,L02,2026-08-19 21:45:35,14.03,2026-08-19 21:59:36.800
CAR-01625,OP-REB-02,L02,2026-08-19 21:49:22,10.36,2026-08-19 21:59:43.600
CAR-01626,OP-REB-09,L01,2026-08-19 22:00:18,8.73,2026-08-19 22:09:01.800
CAR-01627,OP-REB-02,L02,2026-08-19 22:08:45,14.41,2026-08-19 22:23:09.600
CAR-01628,OP-REB-02,L02,2026-08-19 22:32:17,14.28,2026-08-19 22:46:33.800
CAR-01629,OP-REB-09,L01,2026-08-19 22:43:17,10.42,2026-08-19 22:53:42.200
CAR-01630,OP-REB-03,L02,2026-08-19 22:49:37,11.2,2026-08-19 23:00:49.000
CAR-01631,OP-REB-07,L02,2026-08-19 22:52:32,10.17,2026-08-19 23:02:42.200
CAR-01632,OP-REB-04,L02,2026-08-19 23:00:49,12.65,2026-08-19 23:13:28.000
CAR-01633,OP-REB-06,L01,2026-08-19 23:38:22,15.46,2026-08-19 23:53:49.600
CAR-01634,OP-REB-04,L02,2026-08-19 23:44:21,13.41,2026-08-19 23:57:45.600
CAR-01635,OP-REB-07,L01,2026-08-19 23:45:35,14.07,2026-08-19 23:59:39.200
CAR-01636,OP-REB-01,L02,2026-08-19 23:55:15,13.64,2026-08-20 00:08:53.400
CAR-01637,OP-REB-03,L02,2026-08-20 00:03:17,12.0,2026-08-20 00:15:17.000
CAR-01638,OP-REB-03,L02,2026-08-20 00:20:19,14.17,2026-08-20 00:34:29.200
CAR-01639,OP-REB-01,L02,2026-08-20 00:42:52,13.49,2026-08-20 00:56:21.400
CAR-01640,OP-REB-06,L01,2026-08-20 01:05:11,14.88,2026-08-20 01:20:03.800
CAR-01641,OP-REB-09,L02,2026-08-20 01:29:11,11.08,2026-08-20 01:40:15.800
CAR-01642,OP-REB-08,L01,2026-08-20 02:08:07,8.52,2026-08-20 02:16:38.200
CAR-01643,OP-REB-07,L02,2026-08-20 02:09:41,14.09,2026-08-20 02:23:46.400
CAR-01644,OP-REB-08,L01,2026-08-20 02:11:20,12.7,2026-08-20 02:24:02.000
CAR-01645,OP-REB-06,L02,2026-08-20 02:14:54,11.41,2026-08-20 02:26:18.600
CAR-01646,OP-REB-09,L02,2026-08-20 02:35:11,11.52,2026-08-20 02:46:42.200
CAR-01647,OP-REB-03,L01,2026-08-20 02:44:09,17.11,2026-08-20 03:01:15.600
CAR-01648,OP-REB-09,L01,2026-08-20 02:57:48,10.72,2026-08-20 03:08:31.200
CAR-01649,OP-REB-04,L01,2026-08-20 03:05:07,10.29,2026-08-20 03:15:24.400
CAR-01650,OP-REB-07,L01,2026-08-20 03:19:53,12.17,2026-08-20 03:32:03.200
CAR-01651,OP-REB-09,L02,2026-08-20 04:12:36,14.36,2026-08-20 04:26:57.600
CAR-01652,OP-REB-02,L01,2026-08-20 04:14:48,16.56,2026-08-20 04:31:21.600
CAR-01653,OP-REB-02,L01,2026-08-20 05:08:17,13.31,2026-08-20 05:21:35.600
CAR-01654,OP-REB-09,L01,2026-08-20 05:48:40,9.46,2026-08-20 05:58:07.600
CAR-01655,OP-REB-03,L02,2026-08-20 05:54:09,15.94,2026-08-20 06:10:05.400
CAR-01656,OP-REB-09,L02,2026-08-20 07:25:11,11.96,2026-08-20 07:37:08.600
CAR-01657,OP-REB-05,L02,2026-08-20 07:27:16,10.32,2026-08-20 07:37:35.200
CAR-01658,OP-REB-06,L02,2026-08-20 07:40:08,9.84,2026-08-20 07:49:58.400
CAR-01659,OP-REB-02,L01,2026-08-20 08:06:29,13.67,2026-08-20 08:20:09.200
CAR-01660,OP-REB-08,L02,2026-08-20 08:15:29,12.48,2026-08-20 08:27:57.800
CAR-01661,OP-REB-09,L01,2026-08-20 09:39:13,12.69,2026-08-20 09:51:54.400
CAR-01662,OP-REB-02,L02,2026-08-20 09:43:36,14.57,2026-08-20 09:58:10.200
CAR-01663,OP-REB-06,L01,2026-08-20 09:55:43,10.4,2026-08-20 10:06:07.000
CAR-01664,OP-REB-06,L01,2026-08-20 10:05:21,14.73,2026-08-20 10:20:04.800
CAR-01665,OP-REB-08,L01,2026-08-20 10:11:11,10.96,2026-08-20 10:22:08.600
CAR-01666,OP-REB-05,L01,2026-08-20 10:15:40,16.33,2026-08-20 10:31:59.800
CAR-01667,OP-REB-09,L01,2026-08-20 10:47:25,13.2,2026-08-20 11:00:37.000
CAR-01668,OP-REB-01,L02,2026-08-20 10:49:47,10.16,2026-08-20 10:59:56.600
CAR-01669,OP-REB-09,L01,2026-08-20 10:51:06,7.95,2026-08-20 10:59:03.000
CAR-01670,OP-REB-07,L01,2026-08-20 10:54:40,13.62,2026-08-20 11:08:17.200
CAR-01671,OP-REB-04,L01,2026-08-20 11:08:19,11.25,2026-08-20 11:19:34.000
CAR-01672,OP-REB-03,L01,2026-08-20 11:36:33,11.69,2026-08-20 11:48:14.400
CAR-01673,OP-REB-06,L02,2026-08-20 11:38:29,13.53,2026-08-20 11:52:00.800
CAR-01674,OP-REB-01,L02,2026-08-20 12:01:01,14.02,2026-08-20 12:15:02.200
CAR-01675,OP-REB-03,L01,2026-08-20 12:17:01,14.45,2026-08-20 12:31:28.000
CAR-01676,OP-REB-02,L01,2026-08-20 12:25:42,9.65,2026-08-20 12:35:21.000
CAR-01677,OP-REB-09,L01,2026-08-20 12:54:31,14.85,2026-08-20 13:09:22.000
CAR-01678,OP-REB-03,L01,2026-08-20 13:25:21,10.84,2026-08-20 13:36:11.400
CAR-01679,OP-REB-02,L02,2026-08-20 13:40:11,7.49,2026-08-20 13:47:40.400
CAR-01680,OP-REB-04,L02,2026-08-20 13:46:35,9.64,2026-08-20 13:56:13.400
CAR-01681,OP-REB-02,L01,2026-08-20 14:38:37,12.44,2026-08-20 14:51:03.400
CAR-01682,OP-REB-01,L01,2026-08-20 14:47:30,10.04,2026-08-20 14:57:32.400
CAR-01683,OP-REB-06,L01,2026-08-20 14:57:59,11.82,2026-08-20 15:09:48.200
CAR-01684,OP-REB-08,L01,2026-08-20 15:30:43,12.68,2026-08-20 15:43:23.800
CAR-01685,OP-REB-02,L01,2026-08-20 15:37:53,11.64,2026-08-20 15:49:31.400
CAR-01686,OP-REB-09,L02,2026-08-20 16:07:30,11.01,2026-08-20 16:18:30.600
CAR-01687,OP-REB-03,L02,2026-08-20 16:18:07,9.5,2026-08-20 16:27:37.000
CAR-01688,OP-REB-08,L01,2026-08-20 16:26:01,12.04,2026-08-20 16:38:03.400
CAR-01689,OP-REB-08,L02,2026-08-20 16:35:48,7.87,2026-08-20 16:43:40.200
CAR-01690,OP-REB-03,L02,2026-08-20 16:46:43,10.63,2026-08-20 16:57:20.800
CAR-01691,OP-REB-03,L02,2026-08-20 16:56:03,10.14,2026-08-20 17:06:11.400
CAR-01692,OP-REB-06,L01,2026-08-20 16:57:56,11.52,2026-08-20 17:09:27.200
CAR-01693,OP-REB-01,L02,2026-08-20 17:07:21,11.57,2026-08-20 17:18:55.200
CAR-01694,OP-REB-04,L02,2026-08-20 17:38:25,13.92,2026-08-20 17:52:20.200
CAR-01695,OP-REB-01,L01,2026-08-20 17:39:01,15.17,2026-08-20 17:54:11.200
CAR-01696,OP-REB-03,L02,2026-08-20 17:52:31,9.76,2026-08-20 18:02:16.600
CAR-01697,OP-REB-09,L01,2026-08-20 18:19:56,15.99,2026-08-20 18:35:55.400
CAR-01698,OP-REB-05,L02,2026-08-20 18:24:53,10.44,2026-08-20 18:35:19.400
CAR-01699,OP-REB-05,L01,2026-08-20 19:01:12,12.35,2026-08-20 19:13:33.000
CAR-01700,OP-REB-04,L01,2026-08-20 19:22:35,13.02,2026-08-20 19:35:36.200
CAR-01701,OP-REB-03,L02,2026-08-20 19:38:16,16.89,2026-08-20 19:55:09.400
CAR-01702,OP-REB-05,L02,2026-08-20 19:55:38,10.92,2026-08-20 20:06:33.200
CAR-01703,OP-REB-04,L01,2026-08-20 20:01:50,8.41,2026-08-20 20:10:14.600
CAR-01704,OP-REB-08,L01,2026-08-20 20:02:08,14.98,2026-08-20 20:17:06.800
CAR-01705,OP-REB-04,L02,2026-08-20 20:12:23,10.33,2026-08-20 20:22:42.800
CAR-01706,OP-REB-08,L02,2026-08-20 20:23:59,11.28,2026-08-20 20:35:15.800
CAR-01707,OP-REB-06,L02,2026-08-20 20:41:30,9.76,2026-08-20 20:51:15.600
CAR-01708,OP-REB-05,L02,2026-08-20 20:44:53,11.28,2026-08-20 20:56:09.800
CAR-01709,OP-REB-04,L01,2026-08-20 20:50:41,10.32,2026-08-20 21:01:00.200
CAR-01710,OP-REB-04,L01,2026-08-20 21:01:15,13.35,2026-08-20 21:14:36.000
CAR-01711,OP-REB-04,L01,2026-08-20 21:38:20,12.16,2026-08-20 21:50:29.600
CAR-01712,OP-REB-09,L02,2026-08-20 21:56:45,10.64,2026-08-20 22:07:23.400
CAR-01713,OP-REB-04,L02,2026-08-20 22:32:45,13.99,2026-08-20 22:46:44.400
CAR-01714,OP-REB-09,L01,2026-08-20 22:34:00,12.51,2026-08-20 22:46:30.600
CAR-01715,OP-REB-06,L01,2026-08-20 22:41:07,8.31,2026-08-20 22:49:25.600
CAR-01716,OP-REB-07,L01,2026-08-20 23:06:34,13.84,2026-08-20 23:20:24.400
CAR-01717,OP-REB-03,L01,2026-08-20 23:09:37,12.37,2026-08-20 23:21:59.200
CAR-01718,OP-REB-08,L01,2026-08-20 23:29:57,14.78,2026-08-20 23:44:43.800
CAR-01719,OP-REB-03,L01,2026-08-20 23:40:15,12.25,2026-08-20 23:52:30.000
CAR-01720,OP-REB-01,L02,2026-08-21 00:10:17,10.42,2026-08-21 00:20:42.200
CAR-01721,OP-REB-05,L01,2026-08-21 00:21:32,11.59,2026-08-21 00:33:07.400
CAR-01722,OP-REB-02,L01,2026-08-21 00:25:23,13.61,2026-08-21 00:38:59.600
CAR-01723,OP-REB-06,L01,2026-08-21 00:49:35,10.46,2026-08-21 01:00:02.600
CAR-01724,OP-REB-09,L01,2026-08-21 01:08:44,11.12,2026-08-21 01:19:51.200
CAR-01725,OP-REB-01,L01,2026-08-21 01:27:26,11.56,2026-08-21 01:38:59.600
CAR-01726,OP-REB-04,L01,2026-08-21 01:27:52,9.7,2026-08-21 01:37:34.000
CAR-01727,OP-REB-01,L01,2026-08-21 01:29:01,10.49,2026-08-21 01:39:30.400
CAR-01728,OP-REB-01,L02,2026-08-21 01:41:43,12.35,2026-08-21 01:54:04.000
CAR-01729,OP-REB-08,L01,2026-08-21 01:52:16,14.4,2026-08-21 02:06:40.000
CAR-01730,OP-REB-02,L02,2026-08-21 02:12:11,12.63,2026-08-21 02:24:48.800
CAR-01731,OP-REB-01,L02,2026-08-21 02:31:39,11.91,2026-08-21 02:43:33.600
CAR-01732,OP-REB-08,L02,2026-08-21 02:33:50,10.34,2026-08-21 02:44:10.400
CAR-01733,OP-REB-04,L01,2026-08-21 03:17:04,14.19,2026-08-21 03:31:15.400
CAR-01734,OP-REB-03,L01,2026-08-21 03:30:14,12.87,2026-08-21 03:43:06.200
CAR-01735,OP-REB-04,L01,2026-08-21 03:47:03,10.59,2026-08-21 03:57:38.400
CAR-01736,OP-REB-05,L01,2026-08-21 03:58:04,13.8,2026-08-21 04:11:52.000
CAR-01737,OP-REB-01,L01,2026-08-21 04:00:56,13.12,2026-08-21 04:14:03.200
CAR-01738,OP-REB-01,L01,2026-08-21 04:13:30,10.37,2026-08-21 04:23:52.200
CAR-01739,OP-REB-03,L01,2026-08-21 04:25:20,11.8,2026-08-21 04:37:08.000
CAR-01740,OP-REB-06,L01,2026-08-21 05:21:30,11.01,2026-08-21 05:32:30.600
CAR-01741,OP-REB-01,L01,2026-08-21 05:29:59,17.27,2026-08-21 05:47:15.200
CAR-01742,OP-REB-02,L01,2026-08-21 05:32:31,13.06,2026-08-21 05:45:34.600
CAR-01743,OP-REB-07,L02,2026-08-21 05:34:30,12.37,2026-08-21 05:46:52.200
CAR-01744,OP-REB-01,L01,2026-08-21 05:36:45,12.95,2026-08-21 05:49:42.000
CAR-01745,OP-REB-07,L01,2026-08-21 05:37:56,14.76,2026-08-21 05:52:41.600
CAR-01746,OP-REB-04,L01,2026-08-21 05:50:08,11.83,2026-08-21 06:01:57.800
CAR-01747,OP-REB-06,L02,2026-08-21 06:01:36,10.82,2026-08-21 06:12:25.200
CAR-01748,OP-REB-08,L01,2026-08-21 06:13:14,13.69,2026-08-21 06:26:55.400
CAR-01749,OP-REB-09,L01,2026-08-21 06:17:37,11.65,2026-08-21 06:29:16.000
CAR-01750,OP-REB-06,L02,2026-08-21 06:37:08,9.86,2026-08-21 06:46:59.600
CAR-01751,OP-REB-09,L01,2026-08-21 07:14:25,9.47,2026-08-21 07:23:53.200
CAR-01752,OP-REB-04,L02,2026-08-21 07:18:02,15.06,2026-08-21 07:33:05.600
CAR-01753,OP-REB-06,L02,2026-08-21 07:19:27,12.26,2026-08-21 07:31:42.600
CAR-01754,OP-REB-08,L02,2026-08-21 07:28:29,10.82,2026-08-21 07:39:18.200
CAR-01755,OP-REB-09,L02,2026-08-21 07:34:53,11.53,2026-08-21 07:46:24.800
CAR-01756,OP-REB-03,L01,2026-08-21 08:03:36,13.61,2026-08-21 08:17:12.600
CAR-01757,OP-REB-02,L02,2026-08-21 08:27:37,11.41,2026-08-21 08:39:01.600
CAR-01758,OP-REB-06,L02,2026-08-21 08:31:35,9.1,2026-08-21 08:40:41.000
CAR-01759,OP-REB-04,L01,2026-08-21 09:03:13,12.65,2026-08-21 09:15:52.000
CAR-01760,OP-REB-01,L01,2026-08-21 09:04:40,14.42,2026-08-21 09:19:05.200
CAR-01761,OP-REB-08,L01,2026-08-21 09:06:23,14.28,2026-08-21 09:20:39.800
CAR-01762,OP-REB-09,L02,2026-08-21 09:11:01,10.88,2026-08-21 09:21:53.800
CAR-01763,OP-REB-09,L01,2026-08-21 09:31:27,14.54,2026-08-21 09:45:59.400
CAR-01764,OP-REB-02,L02,2026-08-21 09:38:13,12.43,2026-08-21 09:50:38.800
CAR-01765,OP-REB-09,L02,2026-08-21 09:38:54,14.48,2026-08-21 09:53:22.800
CAR-01766,OP-REB-07,L01,2026-08-21 11:10:21,13.15,2026-08-21 11:23:30.000
CAR-01767,OP-REB-05,L01,2026-08-21 11:33:34,8.96,2026-08-21 11:42:31.600
CAR-01768,OP-REB-07,L01,2026-08-21 12:19:00,15.49,2026-08-21 12:34:29.400
CAR-01769,OP-REB-09,L01,2026-08-21 12:42:06,12.1,2026-08-21 12:54:12.000
CAR-01770,OP-REB-08,L01,2026-08-21 12:44:50,13.15,2026-08-21 12:57:59.000
CAR-01771,OP-REB-06,L01,2026-08-21 12:51:23,9.31,2026-08-21 13:00:41.600
CAR-01772,OP-REB-04,L02,2026-08-21 12:54:04,13.01,2026-08-21 13:07:04.600
CAR-01773,OP-REB-01,L02,2026-08-21 13:17:16,14.21,2026-08-21 13:31:28.600
CAR-01774,OP-REB-06,L01,2026-08-21 13:39:08,15.87,2026-08-21 13:55:00.200
CAR-01775,OP-REB-03,L02,2026-08-21 13:41:32,14.8,2026-08-21 13:56:20.000
CAR-01776,OP-REB-06,L02,2026-08-21 13:44:16,13.11,2026-08-21 13:57:22.600
CAR-01777,OP-REB-06,L02,2026-08-21 13:48:44,8.91,2026-08-21 13:57:38.600
CAR-01778,OP-REB-04,L02,2026-08-21 14:28:09,12.26,2026-08-21 14:40:24.600
CAR-01779,OP-REB-02,L02,2026-08-21 14:45:55,10.81,2026-08-21 14:56:43.600
CAR-01780,OP-REB-09,L02,2026-08-21 15:00:27,12.47,2026-08-21 15:12:55.200
CAR-01781,OP-REB-02,L01,2026-08-21 15:02:54,9.57,2026-08-21 15:12:28.200
CAR-01782,OP-REB-03,L01,2026-08-21 15:43:19,11.58,2026-08-21 15:54:53.800
CAR-01783,OP-REB-01,L01,2026-08-21 15:46:51,10.97,2026-08-21 15:57:49.200
CAR-01784,OP-REB-07,L02,2026-08-21 16:25:24,10.9,2026-08-21 16:36:18.000
CAR-01785,OP-REB-01,L01,2026-08-21 16:33:02,10.92,2026-08-21 16:43:57.200
CAR-01786,OP-REB-09,L01,2026-08-21 16:43:36,11.73,2026-08-21 16:55:19.800
CAR-01787,OP-REB-01,L01,2026-08-21 16:48:11,12.57,2026-08-21 17:00:45.200
CAR-01788,OP-REB-05,L02,2026-08-21 17:00:40,7.0,2026-08-21 17:07:40.000
CAR-01789,OP-REB-07,L01,2026-08-21 17:20:31,7.25,2026-08-21 17:27:46.000
CAR-01790,OP-REB-03,L02,2026-08-21 17:22:47,11.32,2026-08-21 17:34:06.200
CAR-01791,OP-REB-09,L01,2026-08-21 17:27:26,11.6,2026-08-21 17:39:02.000
CAR-01792,OP-REB-08,L01,2026-08-21 17:48:05,12.38,2026-08-21 18:00:27.800
CAR-01793,OP-REB-03,L01,2026-08-21 18:26:42,10.54,2026-08-21 18:37:14.400
CAR-01794,OP-REB-05,L02,2026-08-21 18:36:55,12.02,2026-08-21 18:48:56.200
CAR-01795,OP-REB-07,L02,2026-08-21 18:43:52,12.25,2026-08-21 18:56:07.000
CAR-01796,OP-REB-04,L02,2026-08-21 19:16:07,10.53,2026-08-21 19:26:38.800
CAR-01797,OP-REB-05,L02,2026-08-21 19:23:23,14.03,2026-08-21 19:37:24.800
CAR-01798,OP-REB-03,L02,2026-08-21 19:57:06,12.35,2026-08-21 20:09:27.000
CAR-01799,OP-REB-09,L01,2026-08-21 19:57:34,13.09,2026-08-21 20:10:39.400
CAR-01800,OP-REB-09,L01,2026-08-21 20:02:19,12.14,2026-08-21 20:14:27.400
CAR-01801,OP-REB-07,L02,2026-08-21 20:03:19,16.21,2026-08-21 20:19:31.600
CAR-01802,OP-REB-02,L02,2026-08-21 20:03:47,13.19,2026-08-21 20:16:58.400
CAR-01803,OP-REB-07,L01,2026-08-21 20:14:00,11.02,2026-08-21 20:25:01.200
CAR-01804,OP-REB-07,L02,2026-08-21 20:39:12,13.64,2026-08-21 20:52:50.400
CAR-01805,OP-REB-05,L01,2026-08-21 21:58:36,8.72,2026-08-21 22:07:19.200
CAR-01806,OP-REB-09,L02,2026-08-21 22:05:10,12.24,2026-08-21 22:17:24.400
CAR-01807,OP-REB-03,L01,2026-08-21 22:05:54,12.64,2026-08-21 22:18:32.400
CAR-01808,OP-REB-04,L02,2026-08-21 22:22:01,12.26,2026-08-21 22:34:16.600
CAR-01809,OP-REB-01,L02,2026-08-21 23:06:56,11.33,2026-08-21 23:18:15.800
CAR-01810,OP-REB-06,L01,2026-08-21 23:19:40,9.98,2026-08-21 23:29:38.800
CAR-01811,OP-REB-04,L01,2026-08-21 23:43:42,10.42,2026-08-21 23:54:07.200
CAR-01812,OP-REB-01,L02,2026-08-21 23:48:33,12.2,2026-08-22 00:00:45.000
CAR-01813,OP-REB-02,L02,2026-08-21 23:58:45,9.77,2026-08-22 00:08:31.200
CAR-01814,OP-REB-03,L01,2026-08-22 00:20:29,15.54,2026-08-22 00:36:01.400
CAR-01815,OP-REB-09,L02,2026-08-22 00:24:51,6.72,2026-08-22 00:31:34.200
CAR-01816,OP-REB-08,L01,2026-08-22 01:39:52,11.35,2026-08-22 01:51:13.000
CAR-01817,OP-REB-07,L01,2026-08-22 02:13:50,12.22,2026-08-22 02:26:03.200
CAR-01818,OP-REB-04,L02,2026-08-22 03:00:49,13.01,2026-08-22 03:13:49.600
CAR-01819,OP-REB-01,L01,2026-08-22 03:02:20,10.17,2026-08-22 03:12:30.200
CAR-01820,OP-REB-08,L01,2026-08-22 03:04:07,14.27,2026-08-22 03:18:23.200
CAR-01821,OP-REB-04,L02,2026-08-22 03:05:19,9.21,2026-08-22 03:14:31.600
CAR-01822,OP-REB-03,L01,2026-08-22 03:17:53,10.87,2026-08-22 03:28:45.200
CAR-01823,OP-REB-09,L01,2026-08-22 03:31:08,13.24,2026-08-22 03:44:22.400
CAR-01824,OP-REB-04,L01,2026-08-22 03:36:48,14.08,2026-08-22 03:50:52.800
CAR-01825,OP-REB-04,L01,2026-08-22 03:59:10,9.19,2026-08-22 04:08:21.400
CAR-01826,OP-REB-09,L02,2026-08-22 04:06:50,17.29,2026-08-22 04:24:07.400
CAR-01827,OP-REB-02,L01,2026-08-22 04:13:12,10.21,2026-08-22 04:23:24.600
CAR-01828,OP-REB-05,L02,2026-08-22 04:18:42,9.38,2026-08-22 04:28:04.800
CAR-01829,OP-REB-04,L01,2026-08-22 04:36:17,13.01,2026-08-22 04:49:17.600
CAR-01830,OP-REB-09,L02,2026-08-22 04:44:51,11.3,2026-08-22 04:56:09.000
CAR-01831,OP-REB-05,L01,2026-08-22 05:17:20,11.01,2026-08-22 05:28:20.600
CAR-01832,OP-REB-09,L02,2026-08-22 07:30:22,13.19,2026-08-22 07:43:33.400
CAR-01833,OP-REB-09,L01,2026-08-22 08:15:50,8.95,2026-08-22 08:24:47.000
CAR-01834,OP-REB-02,L01,2026-08-22 09:06:13,8.6,2026-08-22 09:14:49.000
CAR-01835,OP-REB-09,L01,2026-08-22 09:07:45,10.81,2026-08-22 09:18:33.600
CAR-01836,OP-REB-03,L01,2026-08-22 09:12:57,14.16,2026-08-22 09:27:06.600
CAR-01837,OP-REB-04,L02,2026-08-22 09:47:02,10.89,2026-08-22 09:57:55.400
CAR-01838,OP-REB-01,L02,2026-08-22 10:12:33,15.2,2026-08-22 10:27:45.000
CAR-01839,OP-REB-01,L01,2026-08-22 10:33:35,14.4,2026-08-22 10:47:59.000
CAR-01840,OP-REB-01,L02,2026-08-22 10:38:14,12.57,2026-08-22 10:50:48.200
CAR-01841,OP-REB-09,L01,2026-08-22 11:04:44,12.68,2026-08-22 11:17:24.800
CAR-01842,OP-REB-08,L01,2026-08-22 12:03:05,12.56,2026-08-22 12:15:38.600
CAR-01843,OP-REB-05,L02,2026-08-22 12:45:56,12.32,2026-08-22 12:58:15.200
CAR-01844,OP-REB-05,L02,2026-08-22 12:57:13,11.27,2026-08-22 13:08:29.200
CAR-01845,OP-REB-09,L02,2026-08-22 13:02:45,11.5,2026-08-22 13:14:15.000
CAR-01846,OP-REB-03,L01,2026-08-22 13:05:03,9.86,2026-08-22 13:14:54.600
CAR-01847,OP-REB-03,L01,2026-08-22 13:17:14,7.58,2026-08-22 13:24:48.800
CAR-01848,OP-REB-07,L02,2026-08-22 13:34:08,14.21,2026-08-22 13:48:20.600
CAR-01849,OP-REB-09,L01,2026-08-22 14:03:20,12.31,2026-08-22 14:15:38.600
CAR-01850,OP-REB-06,L02,2026-08-22 14:45:24,12.01,2026-08-22 14:57:24.600
CAR-01851,OP-REB-02,L02,2026-08-22 15:06:31,12.8,2026-08-22 15:19:19.000
CAR-01852,OP-REB-01,L02,2026-08-22 15:17:45,10.34,2026-08-22 15:28:05.400
CAR-01853,OP-REB-02,L02,2026-08-22 15:43:16,10.0,2026-08-22 15:53:16.000
CAR-01854,OP-REB-01,L02,2026-08-22 16:15:17,11.43,2026-08-22 16:26:42.800
CAR-01855,OP-REB-09,L02,2026-08-22 16:36:50,14.74,2026-08-22 16:51:34.400
CAR-01856,OP-REB-08,L01,2026-08-22 16:55:51,9.66,2026-08-22 17:05:30.600
CAR-01857,OP-REB-07,L01,2026-08-22 17:16:11,6.75,2026-08-22 17:22:56.000
CAR-01858,OP-REB-03,L02,2026-08-22 17:26:07,10.96,2026-08-22 17:37:04.600
CAR-01859,OP-REB-08,L02,2026-08-22 17:26:59,14.29,2026-08-22 17:41:16.400
CAR-01860,OP-REB-02,L02,2026-08-22 17:37:11,8.53,2026-08-22 17:45:42.800
CAR-01861,OP-REB-02,L01,2026-08-22 17:48:46,9.64,2026-08-22 17:58:24.400
CAR-01862,OP-REB-03,L02,2026-08-22 18:15:32,12.53,2026-08-22 18:28:03.800
CAR-01863,OP-REB-07,L02,2026-08-22 18:27:14,17.14,2026-08-22 18:44:22.400
CAR-01864,OP-REB-01,L02,2026-08-22 18:33:02,9.28,2026-08-22 18:42:18.800
CAR-01865,OP-REB-08,L01,2026-08-22 19:33:56,9.21,2026-08-22 19:43:08.600
CAR-01866,OP-REB-07,L02,2026-08-22 20:14:50,12.68,2026-08-22 20:27:30.800
CAR-01867,OP-REB-04,L01,2026-08-22 20:59:48,14.41,2026-08-22 21:14:12.600
CAR-01868,OP-REB-05,L01,2026-08-22 21:03:19,10.75,2026-08-22 21:14:04.000
CAR-01869,OP-REB-01,L02,2026-08-22 21:04:30,8.76,2026-08-22 21:13:15.600
CAR-01870,OP-REB-04,L01,2026-08-22 21:10:59,12.87,2026-08-22 21:23:51.200
CAR-01871,OP-REB-01,L01,2026-08-22 21:30:30,13.23,2026-08-22 21:43:43.800
CAR-01872,OP-REB-01,L01,2026-08-22 21:39:45,15.56,2026-08-22 21:55:18.600
CAR-01873,OP-REB-01,L02,2026-08-22 21:42:08,13.31,2026-08-22 21:55:26.600
CAR-01874,OP-REB-07,L01,2026-08-22 21:50:03,13.66,2026-08-22 22:03:42.600
CAR-01875,OP-REB-07,L02,2026-08-22 22:23:41,11.48,2026-08-22 22:35:09.800
CAR-01876,OP-REB-04,L02,2026-08-22 22:28:42,16.88,2026-08-22 22:45:34.800
CAR-01877,OP-REB-02,L02,2026-08-22 23:25:09,11.2,2026-08-22 23:36:21.000
CAR-01878,OP-REB-03,L01,2026-08-22 23:32:21,10.78,2026-08-22 23:43:07.800
CAR-01879,OP-REB-08,L02,2026-08-22 23:39:31,15.62,2026-08-22 23:55:08.200
CAR-01880,OP-REB-08,L01,2026-08-23 00:04:50,9.05,2026-08-23 00:13:53.000
CAR-01881,OP-REB-06,L01,2026-08-23 00:28:21,8.31,2026-08-23 00:36:39.600
CAR-01882,OP-REB-09,L01,2026-08-23 00:32:55,12.24,2026-08-23 00:45:09.400
CAR-01883,OP-REB-09,L01,2026-08-23 00:39:08,12.0,2026-08-23 00:51:08.000
CAR-01884,OP-REB-04,L02,2026-08-23 01:09:36,11.54,2026-08-23 01:21:08.400
CAR-01885,OP-REB-01,L02,2026-08-23 01:24:36,13.99,2026-08-23 01:38:35.400
CAR-01886,OP-REB-01,L01,2026-08-23 01:37:57,10.18,2026-08-23 01:48:07.800
CAR-01887,OP-REB-05,L02,2026-08-23 01:53:33,12.13,2026-08-23 02:05:40.800
CAR-01888,OP-REB-02,L02,2026-08-23 01:57:02,11.28,2026-08-23 02:08:18.800
CAR-01889,OP-REB-06,L02,2026-08-23 02:11:46,10.22,2026-08-23 02:21:59.200
CAR-01890,OP-REB-07,L01,2026-08-23 02:16:23,11.88,2026-08-23 02:28:15.800
CAR-01891,OP-REB-01,L02,2026-08-23 02:20:46,13.71,2026-08-23 02:34:28.600
CAR-01892,OP-REB-06,L01,2026-08-23 03:16:09,16.24,2026-08-23 03:32:23.400
CAR-01893,OP-REB-08,L02,2026-08-23 03:34:24,13.16,2026-08-23 03:47:33.600
CAR-01894,OP-REB-05,L01,2026-08-23 04:43:40,6.98,2026-08-23 04:50:38.800
CAR-01895,OP-REB-07,L01,2026-08-23 05:25:39,11.92,2026-08-23 05:37:34.200
CAR-01896,OP-REB-06,L01,2026-08-23 05:37:23,12.1,2026-08-23 05:49:29.000
CAR-01897,OP-REB-04,L02,2026-08-23 05:38:12,13.87,2026-08-23 05:52:04.200
CAR-01898,OP-REB-07,L01,2026-08-23 05:49:23,12.37,2026-08-23 06:01:45.200
CAR-01899,OP-REB-09,L02,2026-08-23 06:13:45,14.51,2026-08-23 06:28:15.600
CAR-01900,OP-REB-07,L01,2026-08-23 06:33:07,12.78,2026-08-23 06:45:53.800
CAR-01901,OP-REB-05,L02,2026-08-23 06:34:57,15.12,2026-08-23 06:50:04.200
CAR-01902,OP-REB-07,L01,2026-08-23 06:54:10,11.12,2026-08-23 07:05:17.200
CAR-01903,OP-REB-03,L02,2026-08-23 07:14:39,12.29,2026-08-23 07:26:56.400
CAR-01904,OP-REB-02,L01,2026-08-23 07:15:24,13.65,2026-08-23 07:29:03.000
CAR-01905,OP-REB-05,L01,2026-08-23 07:15:50,10.86,2026-08-23 07:26:41.600
CAR-01906,OP-REB-04,L01,2026-08-23 07:27:19,10.42,2026-08-23 07:37:44.200
CAR-01907,OP-REB-05,L02,2026-08-23 08:05:27,10.74,2026-08-23 08:16:11.400
CAR-01908,OP-REB-08,L01,2026-08-23 08:13:22,10.5,2026-08-23 08:23:52.000
CAR-01909,OP-REB-04,L01,2026-08-23 08:43:57,13.05,2026-08-23 08:57:00.000
CAR-01910,OP-REB-09,L01,2026-08-23 08:45:05,8.33,2026-08-23 08:53:24.800
CAR-01911,OP-REB-07,L01,2026-08-23 08:49:07,8.89,2026-08-23 08:58:00.400
CAR-01912,OP-REB-07,L02,2026-08-23 08:53:41,15.73,2026-08-23 09:09:24.800
CAR-01913,OP-REB-08,L01,2026-08-23 09:00:27,10.55,2026-08-23 09:11:00.000
CAR-01914,OP-REB-06,L01,2026-08-23 09:16:24,12.4,2026-08-23 09:28:48.000
CAR-01915,OP-REB-08,L02,2026-08-23 09:35:22,9.02,2026-08-23 09:44:23.200
CAR-01916,OP-REB-03,L02,2026-08-23 09:42:22,12.19,2026-08-23 09:54:33.400
CAR-01917,OP-REB-01,L02,2026-08-23 10:07:11,10.56,2026-08-23 10:17:44.600
CAR-01918,OP-REB-06,L01,2026-08-23 10:22:25,8.87,2026-08-23 10:31:17.200
CAR-01919,OP-REB-01,L02,2026-08-23 10:51:57,14.67,2026-08-23 11:06:37.200
CAR-01920,OP-REB-09,L02,2026-08-23 10:52:50,14.37,2026-08-23 11:07:12.200
CAR-01921,OP-REB-02,L02,2026-08-23 10:56:36,11.79,2026-08-23 11:08:23.400
CAR-01922,OP-REB-02,L01,2026-08-23 11:11:26,14.0,2026-08-23 11:25:26.000
CAR-01923,OP-REB-07,L01,2026-08-23 11:40:14,15.81,2026-08-23 11:56:02.600
CAR-01924,OP-REB-02,L01,2026-08-23 11:41:17,13.51,2026-08-23 11:54:47.600
CAR-01925,OP-REB-08,L02,2026-08-23 11:55:35,12.96,2026-08-23 12:08:32.600
CAR-01926,OP-REB-06,L01,2026-08-23 12:33:21,12.4,2026-08-23 12:45:45.000
CAR-01927,OP-REB-07,L02,2026-08-23 12:36:36,13.3,2026-08-23 12:49:54.000
CAR-01928,OP-REB-07,L02,2026-08-23 12:52:24,11.27,2026-08-23 13:03:40.200
CAR-01929,OP-REB-06,L02,2026-08-23 13:04:35,11.45,2026-08-23 13:16:02.000
CAR-01930,OP-REB-09,L01,2026-08-23 13:20:05,12.9,2026-08-23 13:32:59.000
CAR-01931,OP-REB-09,L02,2026-08-23 13:40:34,11.05,2026-08-23 13:51:37.000
CAR-01932,OP-REB-07,L02,2026-08-23 13:55:05,11.27,2026-08-23 14:06:21.200
CAR-01933,OP-REB-09,L01,2026-08-23 13:57:45,12.0,2026-08-23 14:09:45.000
CAR-01934,OP-REB-03,L02,2026-08-23 14:29:02,14.3,2026-08-23 14:43:20.000
CAR-01935,OP-REB-03,L02,2026-08-23 14:30:51,9.73,2026-08-23 14:40:34.800
CAR-01936,OP-REB-01,L02,2026-08-23 14:36:00,13.52,2026-08-23 14:49:31.200
CAR-01937,OP-REB-05,L01,2026-08-23 14:40:15,13.58,2026-08-23 14:53:49.800
CAR-01938,OP-REB-04,L02,2026-08-23 14:44:07,13.57,2026-08-23 14:57:41.200
CAR-01939,OP-REB-02,L01,2026-08-23 14:52:08,10.39,2026-08-23 15:02:31.400
CAR-01940,OP-REB-09,L01,2026-08-23 15:04:20,8.61,2026-08-23 15:12:56.600
CAR-01941,OP-REB-03,L02,2026-08-23 15:08:51,13.12,2026-08-23 15:21:58.200
CAR-01942,OP-REB-08,L02,2026-08-23 15:31:30,12.38,2026-08-23 15:43:52.800
CAR-01943,OP-REB-06,L02,2026-08-23 15:42:20,14.01,2026-08-23 15:56:20.600
CAR-01944,OP-REB-05,L02,2026-08-23 16:17:58,10.6,2026-08-23 16:28:34.000
CAR-01945,OP-REB-01,L01,2026-08-23 16:32:42,13.52,2026-08-23 16:46:13.200
CAR-01946,OP-REB-04,L01,2026-08-23 16:35:00,14.11,2026-08-23 16:49:06.600
CAR-01947,OP-REB-03,L02,2026-08-23 16:35:04,11.81,2026-08-23 16:46:52.600
CAR-01948,OP-REB-01,L01,2026-08-23 16:59:29,12.83,2026-08-23 17:12:18.800
CAR-01949,OP-REB-05,L02,2026-08-23 17:40:11,12.76,2026-08-23 17:52:56.600
CAR-01950,OP-REB-06,L02,2026-08-23 18:41:44,10.36,2026-08-23 18:52:05.600
CAR-01951,OP-REB-02,L02,2026-08-23 18:46:33,13.06,2026-08-23 18:59:36.600
CAR-01952,OP-REB-03,L02,2026-08-23 18:47:10,15.24,2026-08-23 19:02:24.400
CAR-01953,OP-REB-06,L01,2026-08-23 19:02:43,12.04,2026-08-23 19:14:45.400
CAR-01954,OP-REB-04,L01,2026-08-23 19:09:43,9.08,2026-08-23 19:18:47.800
CAR-01955,OP-REB-09,L02,2026-08-23 19:11:00,10.63,2026-08-23 19:21:37.800
CAR-01956,OP-REB-05,L02,2026-08-23 19:23:42,8.44,2026-08-23 19:32:08.400
CAR-01957,OP-REB-04,L01,2026-08-23 19:40:13,14.58,2026-08-23 19:54:47.800
CAR-01958,OP-REB-02,L01,2026-08-23 19:46:07,13.53,2026-08-23 19:59:38.800
CAR-01959,OP-REB-06,L01,2026-08-23 19:56:01,11.0,2026-08-23 20:07:01.000
CAR-01960,OP-REB-02,L02,2026-08-23 20:48:29,9.16,2026-08-23 20:57:38.600
CAR-01961,OP-REB-07,L01,2026-08-23 20:52:34,10.33,2026-08-23 21:02:53.800
CAR-01962,OP-REB-03,L02,2026-08-23 20:58:47,10.72,2026-08-23 21:09:30.200
CAR-01963,OP-REB-09,L02,2026-08-23 21:21:49,12.22,2026-08-23 21:34:02.200
CAR-01964,OP-REB-05,L01,2026-08-23 22:03:57,12.15,2026-08-23 22:16:06.000
CAR-01965,OP-REB-08,L02,2026-08-23 22:15:10,14.68,2026-08-23 22:29:50.800
CAR-01966,OP-REB-06,L01,2026-08-23 22:16:46,10.61,2026-08-23 22:27:22.600
CAR-01967,OP-REB-08,L02,2026-08-23 22:25:25,8.98,2026-08-23 22:34:23.800
CAR-01968,OP-REB-03,L02,2026-08-23 22:29:15,9.69,2026-08-23 22:38:56.400
CAR-01969,OP-REB-03,L02,2026-08-23 22:30:08,11.95,2026-08-23 22:42:05.000
CAR-01970,OP-REB-05,L02,2026-08-23 22:40:26,10.54,2026-08-23 22:50:58.400
CAR-01971,OP-REB-03,L02,2026-08-23 22:47:55,11.42,2026-08-23 22:59:20.200
CAR-01972,OP-REB-08,L02,2026-08-23 22:59:37,11.09,2026-08-23 23:10:42.400
CAR-01973,OP-REB-08,L01,2026-08-23 23:02:45,13.98,2026-08-23 23:16:43.800
CAR-01974,OP-REB-02,L01,2026-08-23 23:26:11,10.83,2026-08-23 23:37:00.800
CAR-01975,OP-REB-04,L02,2026-08-23 23:49:16,11.25,2026-08-24 00:00:31.000
CAR-01976,OP-REB-01,L01,2026-08-24 00:09:57,13.43,2026-08-24 00:23:22.800
CAR-01977,OP-REB-04,L02,2026-08-24 00:13:02,10.87,2026-08-24 00:23:54.200
CAR-01978,OP-REB-04,L01,2026-08-24 00:49:01,12.85,2026-08-24 01:01:52.000
CAR-01979,OP-REB-09,L01,2026-08-24 00:53:17,12.66,2026-08-24 01:05:56.600
CAR-01980,OP-REB-03,L02,2026-08-24 01:05:10,12.28,2026-08-24 01:17:26.800
CAR-01981,OP-REB-02,L01,2026-08-24 01:33:26,9.73,2026-08-24 01:43:09.800
CAR-01982,OP-REB-09,L02,2026-08-24 01:44:16,14.46,2026-08-24 01:58:43.600
CAR-01983,OP-REB-09,L01,2026-08-24 02:03:10,16.44,2026-08-24 02:19:36.400
CAR-01984,OP-REB-01,L02,2026-08-24 02:39:14,12.02,2026-08-24 02:51:15.200
CAR-01985,OP-REB-06,L01,2026-08-24 03:31:21,9.91,2026-08-24 03:41:15.600
CAR-01986,OP-REB-08,L02,2026-08-24 03:44:39,12.06,2026-08-24 03:56:42.600
CAR-01987,OP-REB-03,L01,2026-08-24 04:04:50,13.98,2026-08-24 04:18:48.800
CAR-01988,OP-REB-09,L02,2026-08-24 04:16:59,10.77,2026-08-24 04:27:45.200
CAR-01989,OP-REB-02,L01,2026-08-24 04:37:23,11.74,2026-08-24 04:49:07.400
CAR-01990,OP-REB-06,L02,2026-08-24 04:52:47,12.68,2026-08-24 05:05:27.800
CAR-01991,OP-REB-01,L01,2026-08-24 04:58:29,14.41,2026-08-24 05:12:53.600
CAR-01992,OP-REB-07,L02,2026-08-24 05:04:11,13.55,2026-08-24 05:17:44.000
CAR-01993,OP-REB-03,L01,2026-08-24 05:08:37,13.63,2026-08-24 05:22:14.800
CAR-01994,OP-REB-07,L02,2026-08-24 05:26:49,11.15,2026-08-24 05:37:58.000
CAR-01995,OP-REB-04,L02,2026-08-24 05:28:16,12.8,2026-08-24 05:41:04.000
CAR-01996,OP-REB-09,L02,2026-08-24 05:33:08,10.56,2026-08-24 05:43:41.600
CAR-01997,OP-REB-05,L02,2026-08-24 05:37:18,13.69,2026-08-24 05:50:59.400
CAR-01998,OP-REB-03,L01,2026-08-24 05:39:17,14.3,2026-08-24 05:53:35.000
CAR-01999,OP-REB-08,L01,2026-08-24 05:41:02,13.11,2026-08-24 05:54:08.600
CAR-02000,OP-REB-06,L01,2026-08-24 05:58:38,11.27,2026-08-24 06:09:54.200
CAR-02001,OP-REB-02,L02,2026-08-24 06:09:15,11.59,2026-08-24 06:20:50.400
CAR-02002,OP-REB-03,L02,2026-08-24 06:32:53,15.61,2026-08-24 06:48:29.600
CAR-02003,OP-REB-08,L02,2026-08-24 06:34:11,11.3,2026-08-24 06:45:29.000
CAR-02004,OP-REB-07,L02,2026-08-24 06:46:08,14.1,2026-08-24 07:00:14.000
CAR-02005,OP-REB-06,L02,2026-08-24 06:55:46,12.68,2026-08-24 07:08:26.800
CAR-02006,OP-REB-01,L01,2026-08-24 07:04:43,11.33,2026-08-24 07:16:02.800
CAR-02007,OP-REB-09,L01,2026-08-24 07:33:45,9.31,2026-08-24 07:43:03.600
CAR-02008,OP-REB-03,L01,2026-08-24 08:07:29,12.42,2026-08-24 08:19:54.200
CAR-02009,OP-REB-05,L02,2026-08-24 08:14:29,12.18,2026-08-24 08:26:39.800
CAR-02010,OP-REB-07,L02,2026-08-24 08:17:31,15.61,2026-08-24 08:33:07.600
CAR-02011,OP-REB-07,L02,2026-08-24 08:27:35,10.28,2026-08-24 08:37:51.800
CAR-02012,OP-REB-03,L02,2026-08-24 09:03:17,16.59,2026-08-24 09:19:52.400
CAR-02013,OP-REB-04,L02,2026-08-24 09:11:11,12.76,2026-08-24 09:23:56.600
CAR-02014,OP-REB-07,L02,2026-08-24 09:20:54,12.76,2026-08-24 09:33:39.600
CAR-02015,OP-REB-08,L02,2026-08-24 09:27:32,10.81,2026-08-24 09:38:20.600
CAR-02016,OP-REB-02,L01,2026-08-24 09:43:29,12.63,2026-08-24 09:56:06.800
CAR-02017,OP-REB-09,L01,2026-08-24 09:48:16,12.95,2026-08-24 10:01:13.000
CAR-02018,OP-REB-07,L02,2026-08-24 09:49:51,13.87,2026-08-24 10:03:43.200
CAR-02019,OP-REB-08,L02,2026-08-24 10:12:04,10.04,2026-08-24 10:22:06.400
CAR-02020,OP-REB-06,L02,2026-08-24 10:23:39,14.81,2026-08-24 10:38:27.600
CAR-02021,OP-REB-06,L01,2026-08-24 10:27:54,12.72,2026-08-24 10:40:37.200
CAR-02022,OP-REB-09,L01,2026-08-24 10:34:39,13.22,2026-08-24 10:47:52.200
CAR-02023,OP-REB-04,L02,2026-08-24 10:42:48,11.56,2026-08-24 10:54:21.600
CAR-02024,OP-REB-05,L01,2026-08-24 11:13:52,10.14,2026-08-24 11:24:00.400
CAR-02025,OP-REB-09,L01,2026-08-24 11:19:02,12.15,2026-08-24 11:31:11.000
CAR-02026,OP-REB-01,L01,2026-08-24 11:40:35,12.37,2026-08-24 11:52:57.200
CAR-02027,OP-REB-04,L02,2026-08-24 11:45:54,9.23,2026-08-24 11:55:07.800
CAR-02028,OP-REB-07,L01,2026-08-24 11:49:47,13.59,2026-08-24 12:03:22.400
CAR-02029,OP-REB-09,L01,2026-08-24 12:02:34,13.99,2026-08-24 12:16:33.400
CAR-02030,OP-REB-06,L02,2026-08-24 12:02:40,10.54,2026-08-24 12:13:12.400
CAR-02031,OP-REB-08,L02,2026-08-24 12:03:41,9.95,2026-08-24 12:13:38.000
CAR-02032,OP-REB-09,L01,2026-08-24 13:15:21,11.39,2026-08-24 13:26:44.400
CAR-02033,OP-REB-04,L02,2026-08-24 13:33:30,12.05,2026-08-24 13:45:33.000
CAR-02034,OP-REB-01,L01,2026-08-24 13:34:44,11.47,2026-08-24 13:46:12.200
CAR-02035,OP-REB-08,L01,2026-08-24 14:01:46,11.88,2026-08-24 14:13:38.800
CAR-02036,OP-REB-02,L02,2026-08-24 14:06:51,12.44,2026-08-24 14:19:17.400
CAR-02037,OP-REB-01,L02,2026-08-24 14:11:56,9.26,2026-08-24 14:21:11.600
CAR-02038,OP-REB-07,L01,2026-08-24 14:18:27,9.49,2026-08-24 14:27:56.400
CAR-02039,OP-REB-09,L02,2026-08-24 14:36:03,6.56,2026-08-24 14:42:36.600
CAR-02040,OP-REB-09,L02,2026-08-24 15:12:00,13.89,2026-08-24 15:25:53.400
CAR-02041,OP-REB-03,L01,2026-08-24 15:20:36,12.03,2026-08-24 15:32:37.800
CAR-02042,OP-REB-06,L01,2026-08-24 15:38:20,14.1,2026-08-24 15:52:26.000
CAR-02043,OP-REB-07,L01,2026-08-24 15:43:54,9.72,2026-08-24 15:53:37.200
CAR-02044,OP-REB-09,L01,2026-08-24 16:53:15,12.05,2026-08-24 17:05:18.000
CAR-02045,OP-REB-02,L01,2026-08-24 16:56:20,12.43,2026-08-24 17:08:45.800
CAR-02046,OP-REB-08,L01,2026-08-24 16:58:03,10.88,2026-08-24 17:08:55.800
CAR-02047,OP-REB-07,L02,2026-08-24 16:59:53,8.89,2026-08-24 17:08:46.400
CAR-02048,OP-REB-04,L02,2026-08-24 17:10:10,15.49,2026-08-24 17:25:39.400
CAR-02049,OP-REB-02,L01,2026-08-24 17:44:14,14.8,2026-08-24 17:59:02.000
CAR-02050,OP-REB-08,L02,2026-08-24 18:49:10,11.24,2026-08-24 19:00:24.400
CAR-02051,OP-REB-05,L02,2026-08-24 18:54:03,13.02,2026-08-24 19:07:04.200
CAR-02052,OP-REB-06,L01,2026-08-24 18:58:21,11.03,2026-08-24 19:09:22.800
CAR-02053,OP-REB-07,L02,2026-08-24 19:30:48,10.01,2026-08-24 19:40:48.600
CAR-02054,OP-REB-01,L02,2026-08-24 19:48:35,15.65,2026-08-24 20:04:14.000
CAR-02055,OP-REB-08,L01,2026-08-24 20:13:55,8.69,2026-08-24 20:22:36.400
CAR-02056,OP-REB-04,L02,2026-08-24 20:14:09,11.43,2026-08-24 20:25:34.800
CAR-02057,OP-REB-09,L02,2026-08-24 20:15:40,12.17,2026-08-24 20:27:50.200
CAR-02058,OP-REB-01,L01,2026-08-24 21:27:03,15.3,2026-08-24 21:42:21.000
CAR-02059,OP-REB-02,L02,2026-08-24 21:29:59,13.79,2026-08-24 21:43:46.400
CAR-02060,OP-REB-06,L02,2026-08-24 21:30:37,8.66,2026-08-24 21:39:16.600
CAR-02061,OP-REB-01,L02,2026-08-24 21:35:38,11.99,2026-08-24 21:47:37.400
CAR-02062,OP-REB-04,L01,2026-08-24 21:53:44,12.04,2026-08-24 22:05:46.400
CAR-02063,OP-REB-08,L01,2026-08-24 21:54:51,11.54,2026-08-24 22:06:23.400
CAR-02064,OP-REB-05,L02,2026-08-24 22:27:55,13.24,2026-08-24 22:41:09.400
CAR-02065,OP-REB-09,L02,2026-08-24 23:08:11,9.18,2026-08-24 23:17:21.800
CAR-02066,OP-REB-06,L01,2026-08-24 23:16:05,11.18,2026-08-24 23:27:15.800
CAR-02067,OP-REB-01,L01,2026-08-24 23:25:27,12.96,2026-08-24 23:38:24.600
CAR-02068,OP-REB-06,L02,2026-08-24 23:25:49,13.36,2026-08-24 23:39:10.600
CAR-02069,OP-REB-06,L01,2026-08-24 23:38:51,12.3,2026-08-24 23:51:09.000
CAR-02070,OP-REB-06,L02,2026-08-24 23:52:11,11.42,2026-08-25 00:03:36.200
CAR-02071,OP-REB-08,L02,2026-08-25 00:24:50,11.76,2026-08-25 00:36:35.600
CAR-02072,OP-REB-06,L01,2026-08-25 00:26:47,13.48,2026-08-25 00:40:15.800
CAR-02073,OP-REB-05,L01,2026-08-25 00:46:20,12.07,2026-08-25 00:58:24.200
CAR-02074,OP-REB-02,L02,2026-08-25 00:59:15,9.92,2026-08-25 01:09:10.200
CAR-02075,OP-REB-04,L02,2026-08-25 01:02:03,9.53,2026-08-25 01:11:34.800
CAR-02076,OP-REB-05,L01,2026-08-25 01:54:12,9.02,2026-08-25 02:03:13.200
CAR-02077,OP-REB-04,L02,2026-08-25 02:31:23,14.91,2026-08-25 02:46:17.600
CAR-02078,OP-REB-02,L01,2026-08-25 02:42:54,13.61,2026-08-25 02:56:30.600
CAR-02079,OP-REB-07,L01,2026-08-25 03:11:39,11.79,2026-08-25 03:23:26.400
CAR-02080,OP-REB-02,L01,2026-08-25 03:39:13,11.09,2026-08-25 03:50:18.400
CAR-02081,OP-REB-01,L01,2026-08-25 04:15:59,10.85,2026-08-25 04:26:50.000
CAR-02082,OP-REB-05,L01,2026-08-25 04:23:21,14.19,2026-08-25 04:37:32.400
CAR-02083,OP-REB-01,L02,2026-08-25 05:54:50,15.81,2026-08-25 06:10:38.600
CAR-02084,OP-REB-01,L01,2026-08-25 06:23:40,10.79,2026-08-25 06:34:27.400
CAR-02085,OP-REB-01,L01,2026-08-25 06:30:06,14.28,2026-08-25 06:44:22.800
CAR-02086,OP-REB-06,L01,2026-08-25 06:51:36,12.06,2026-08-25 07:03:39.600
CAR-02087,OP-REB-09,L01,2026-08-25 07:13:27,11.58,2026-08-25 07:25:01.800
CAR-02088,OP-REB-01,L01,2026-08-25 07:49:14,15.01,2026-08-25 08:04:14.600
CAR-02089,OP-REB-05,L01,2026-08-25 08:24:23,11.98,2026-08-25 08:36:21.800
CAR-02090,OP-REB-09,L01,2026-08-25 08:46:32,12.59,2026-08-25 08:59:07.400
CAR-02091,OP-REB-09,L02,2026-08-25 08:58:18,12.5,2026-08-25 09:10:48.000
CAR-02092,OP-REB-01,L02,2026-08-25 09:14:19,8.75,2026-08-25 09:23:04.000
CAR-02093,OP-REB-08,L02,2026-08-25 09:30:13,12.58,2026-08-25 09:42:47.800
CAR-02094,OP-REB-01,L02,2026-08-25 09:47:38,10.87,2026-08-25 09:58:30.200
CAR-02095,OP-REB-08,L01,2026-08-25 10:21:11,9.16,2026-08-25 10:30:20.600
CAR-02096,OP-REB-01,L02,2026-08-25 10:36:52,10.97,2026-08-25 10:47:50.200
CAR-02097,OP-REB-05,L01,2026-08-25 10:42:25,10.95,2026-08-25 10:53:22.000
CAR-02098,OP-REB-08,L02,2026-08-25 10:46:24,14.06,2026-08-25 11:00:27.600
CAR-02099,OP-REB-06,L02,2026-08-25 11:00:35,9.87,2026-08-25 11:10:27.200
CAR-02100,OP-REB-09,L01,2026-08-25 11:08:21,10.42,2026-08-25 11:18:46.200
CAR-02101,OP-REB-01,L01,2026-08-25 11:29:33,12.47,2026-08-25 11:42:01.200
CAR-02102,OP-REB-09,L02,2026-08-25 11:42:37,9.35,2026-08-25 11:51:58.000
CAR-02103,OP-REB-01,L02,2026-08-25 11:48:49,10.68,2026-08-25 11:59:29.800
CAR-02104,OP-REB-03,L02,2026-08-25 12:05:05,8.67,2026-08-25 12:13:45.200
CAR-02105,OP-REB-01,L02,2026-08-25 12:23:14,13.84,2026-08-25 12:37:04.400
CAR-02106,OP-REB-03,L01,2026-08-25 12:50:14,11.4,2026-08-25 13:01:38.000
CAR-02107,OP-REB-02,L02,2026-08-25 12:53:24,11.97,2026-08-25 13:05:22.200
CAR-02108,OP-REB-02,L02,2026-08-25 13:20:21,13.83,2026-08-25 13:34:10.800
CAR-02109,OP-REB-09,L02,2026-08-25 13:25:43,10.56,2026-08-25 13:36:16.600
CAR-02110,OP-REB-08,L02,2026-08-25 14:38:03,11.38,2026-08-25 14:49:25.800
CAR-02111,OP-REB-01,L02,2026-08-25 14:44:18,9.89,2026-08-25 14:54:11.400
CAR-02112,OP-REB-04,L01,2026-08-25 15:03:50,9.88,2026-08-25 15:13:42.800
CAR-02113,OP-REB-01,L01,2026-08-25 15:11:32,10.16,2026-08-25 15:21:41.600
CAR-02114,OP-REB-01,L01,2026-08-25 15:57:21,11.02,2026-08-25 16:08:22.200
CAR-02115,OP-REB-04,L01,2026-08-25 16:03:38,11.23,2026-08-25 16:14:51.800
CAR-02116,OP-REB-02,L01,2026-08-25 16:12:56,12.58,2026-08-25 16:25:30.800
CAR-02117,OP-REB-03,L02,2026-08-25 16:25:38,10.22,2026-08-25 16:35:51.200
CAR-02118,OP-REB-09,L01,2026-08-25 17:26:25,12.64,2026-08-25 17:39:03.400
CAR-02119,OP-REB-02,L01,2026-08-25 17:26:32,12.97,2026-08-25 17:39:30.200
CAR-02120,OP-REB-04,L02,2026-08-25 17:43:30,11.06,2026-08-25 17:54:33.600
CAR-02121,OP-REB-01,L01,2026-08-25 17:45:04,10.39,2026-08-25 17:55:27.400
CAR-02122,OP-REB-02,L01,2026-08-25 18:03:42,12.17,2026-08-25 18:15:52.200
CAR-02123,OP-REB-05,L01,2026-08-25 18:25:24,11.59,2026-08-25 18:36:59.400
CAR-02124,OP-REB-01,L01,2026-08-25 18:50:23,12.44,2026-08-25 19:02:49.400
CAR-02125,OP-REB-07,L02,2026-08-25 19:01:04,15.14,2026-08-25 19:16:12.400
CAR-02126,OP-REB-04,L02,2026-08-25 19:01:13,12.14,2026-08-25 19:13:21.400
CAR-02127,OP-REB-06,L01,2026-08-25 19:02:19,10.72,2026-08-25 19:13:02.200
CAR-02128,OP-REB-08,L02,2026-08-25 19:21:30,10.22,2026-08-25 19:31:43.200
CAR-02129,OP-REB-06,L01,2026-08-25 19:44:51,10.3,2026-08-25 19:55:09.000
CAR-02130,OP-REB-02,L02,2026-08-25 19:47:01,9.07,2026-08-25 19:56:05.200
CAR-02131,OP-REB-01,L02,2026-08-25 20:23:23,13.87,2026-08-25 20:37:15.200
CAR-02132,OP-REB-08,L02,2026-08-25 20:40:53,7.53,2026-08-25 20:48:24.800
CAR-02133,OP-REB-08,L02,2026-08-25 20:59:59,12.98,2026-08-25 21:12:57.800
CAR-02134,OP-REB-09,L02,2026-08-25 21:37:43,10.26,2026-08-25 21:47:58.600
CAR-02135,OP-REB-06,L02,2026-08-25 21:38:05,10.98,2026-08-25 21:49:03.800
CAR-02136,OP-REB-01,L02,2026-08-25 21:55:39,10.2,2026-08-25 22:05:51.000
CAR-02137,OP-REB-09,L02,2026-08-25 22:43:03,14.89,2026-08-25 22:57:56.400
CAR-02138,OP-REB-03,L02,2026-08-25 22:59:53,12.03,2026-08-25 23:11:54.800
CAR-02139,OP-REB-06,L02,2026-08-25 23:06:59,13.58,2026-08-25 23:20:33.800
CAR-02140,OP-REB-09,L02,2026-08-25 23:13:39,14.6,2026-08-25 23:28:15.000
CAR-02141,OP-REB-03,L01,2026-08-25 23:23:53,12.33,2026-08-25 23:36:12.800
CAR-02142,OP-REB-05,L02,2026-08-25 23:57:22,9.61,2026-08-26 00:06:58.600
CAR-02143,OP-REB-05,L01,2026-08-26 00:21:26,11.56,2026-08-26 00:32:59.600
CAR-02144,OP-REB-07,L02,2026-08-26 00:26:20,10.52,2026-08-26 00:36:51.200
CAR-02145,OP-REB-04,L01,2026-08-26 00:39:54,10.99,2026-08-26 00:50:53.400
CAR-02146,OP-REB-04,L01,2026-08-26 01:14:26,11.81,2026-08-26 01:26:14.600
CAR-02147,OP-REB-07,L01,2026-08-26 01:57:52,11.73,2026-08-26 02:09:35.800
CAR-02148,OP-REB-09,L02,2026-08-26 02:35:53,12.82,2026-08-26 02:48:42.200
CAR-02149,OP-REB-04,L02,2026-08-26 02:45:47,13.11,2026-08-26 02:58:53.600
CAR-02150,OP-REB-04,L02,2026-08-26 02:53:35,11.73,2026-08-26 03:05:18.800
CAR-02151,OP-REB-06,L02,2026-08-26 03:17:04,12.81,2026-08-26 03:29:52.600
CAR-02152,OP-REB-06,L01,2026-08-26 03:51:39,10.9,2026-08-26 04:02:33.000
CAR-02153,OP-REB-07,L02,2026-08-26 04:22:54,14.63,2026-08-26 04:37:31.800
CAR-02154,OP-REB-01,L02,2026-08-26 04:24:20,10.87,2026-08-26 04:35:12.200
CAR-02155,OP-REB-03,L02,2026-08-26 04:31:37,14.39,2026-08-26 04:46:00.400
CAR-02156,OP-REB-09,L02,2026-08-26 04:39:05,9.05,2026-08-26 04:48:08.000
CAR-02157,OP-REB-06,L02,2026-08-26 04:49:08,11.24,2026-08-26 05:00:22.400
CAR-02158,OP-REB-06,L02,2026-08-26 05:44:41,11.34,2026-08-26 05:56:01.400
CAR-02159,OP-REB-05,L02,2026-08-26 06:11:22,12.56,2026-08-26 06:23:55.600
CAR-02160,OP-REB-03,L02,2026-08-26 06:18:08,13.72,2026-08-26 06:31:51.200
CAR-02161,OP-REB-05,L01,2026-08-26 06:19:56,9.5,2026-08-26 06:29:26.000
CAR-02162,OP-REB-01,L01,2026-08-26 06:32:04,9.78,2026-08-26 06:41:50.800
CAR-02163,OP-REB-03,L02,2026-08-26 06:47:58,9.2,2026-08-26 06:57:10.000
CAR-02164,OP-REB-04,L02,2026-08-26 06:56:54,14.64,2026-08-26 07:11:32.400
CAR-02165,OP-REB-05,L02,2026-08-26 07:04:19,12.6,2026-08-26 07:16:55.000
CAR-02166,OP-REB-09,L02,2026-08-26 07:12:47,9.83,2026-08-26 07:22:36.800
CAR-02167,OP-REB-04,L01,2026-08-26 07:13:32,11.11,2026-08-26 07:24:38.600
CAR-02168,OP-REB-03,L01,2026-08-26 07:26:00,14.36,2026-08-26 07:40:21.600
CAR-02169,OP-REB-01,L02,2026-08-26 07:27:31,11.44,2026-08-26 07:38:57.400
CAR-02170,OP-REB-06,L01,2026-08-26 08:02:34,11.33,2026-08-26 08:13:53.800
CAR-02171,OP-REB-07,L01,2026-08-26 08:04:38,10.44,2026-08-26 08:15:04.400
CAR-02172,OP-REB-08,L02,2026-08-26 08:36:32,9.95,2026-08-26 08:46:29.000
CAR-02173,OP-REB-01,L02,2026-08-26 08:37:35,14.37,2026-08-26 08:51:57.200
CAR-02174,OP-REB-04,L02,2026-08-26 08:44:27,15.35,2026-08-26 08:59:48.000
CAR-02175,OP-REB-05,L01,2026-08-26 08:57:55,10.03,2026-08-26 09:07:56.800
CAR-02176,OP-REB-02,L01,2026-08-26 09:43:28,14.81,2026-08-26 09:58:16.600
CAR-02177,OP-REB-01,L02,2026-08-26 10:03:26,11.03,2026-08-26 10:14:27.800
CAR-02178,OP-REB-08,L02,2026-08-26 11:31:37,13.07,2026-08-26 11:44:41.200
CAR-02179,OP-REB-06,L01,2026-08-26 11:33:16,14.82,2026-08-26 11:48:05.200
CAR-02180,OP-REB-05,L01,2026-08-26 11:38:58,11.71,2026-08-26 11:50:40.600
CAR-02181,OP-REB-09,L02,2026-08-26 11:42:01,11.34,2026-08-26 11:53:21.400
CAR-02182,OP-REB-02,L01,2026-08-26 11:45:12,13.6,2026-08-26 11:58:48.000
CAR-02183,OP-REB-08,L02,2026-08-26 12:07:28,9.78,2026-08-26 12:17:14.800
CAR-02184,OP-REB-09,L02,2026-08-26 12:25:51,14.29,2026-08-26 12:40:08.400
CAR-02185,OP-REB-01,L01,2026-08-26 14:01:43,12.29,2026-08-26 14:14:00.400
CAR-02186,OP-REB-07,L01,2026-08-26 14:10:15,10.84,2026-08-26 14:21:05.400
CAR-02187,OP-REB-08,L01,2026-08-26 14:23:42,10.79,2026-08-26 14:34:29.400
CAR-02188,OP-REB-03,L02,2026-08-26 14:27:01,9.23,2026-08-26 14:36:14.800
CAR-02189,OP-REB-04,L02,2026-08-26 14:43:42,10.93,2026-08-26 14:54:37.800
CAR-02190,OP-REB-03,L02,2026-08-26 15:00:09,11.47,2026-08-26 15:11:37.200
CAR-02191,OP-REB-07,L02,2026-08-26 15:03:34,9.88,2026-08-26 15:13:26.800
CAR-02192,OP-REB-09,L02,2026-08-26 15:43:24,11.91,2026-08-26 15:55:18.600
CAR-02193,OP-REB-03,L02,2026-08-26 15:57:55,12.95,2026-08-26 16:10:52.000
CAR-02194,OP-REB-06,L01,2026-08-26 16:12:48,11.57,2026-08-26 16:24:22.200
CAR-02195,OP-REB-08,L02,2026-08-26 16:43:31,13.33,2026-08-26 16:56:50.800
CAR-02196,OP-REB-06,L02,2026-08-26 17:24:04,10.39,2026-08-26 17:34:27.400
CAR-02197,OP-REB-02,L02,2026-08-26 17:44:23,14.01,2026-08-26 17:58:23.600
CAR-02198,OP-REB-07,L02,2026-08-26 17:49:35,12.24,2026-08-26 18:01:49.400
CAR-02199,OP-REB-02,L01,2026-08-26 18:08:02,15.09,2026-08-26 18:23:07.400
CAR-02200,OP-REB-02,L02,2026-08-26 18:24:24,16.83,2026-08-26 18:41:13.800
CAR-02201,OP-REB-02,L01,2026-08-26 19:01:43,11.06,2026-08-26 19:12:46.600
CAR-02202,OP-REB-01,L01,2026-08-26 19:05:48,11.14,2026-08-26 19:16:56.400
CAR-02203,OP-REB-01,L02,2026-08-26 19:06:09,11.51,2026-08-26 19:17:39.600
CAR-02204,OP-REB-07,L02,2026-08-26 19:42:53,13.19,2026-08-26 19:56:04.400
CAR-02205,OP-REB-05,L01,2026-08-26 19:48:19,14.65,2026-08-26 20:02:58.000
CAR-02206,OP-REB-03,L01,2026-08-26 20:22:18,10.69,2026-08-26 20:32:59.400
CAR-02207,OP-REB-01,L02,2026-08-26 20:52:53,12.76,2026-08-26 21:05:38.600
CAR-02208,OP-REB-06,L01,2026-08-26 21:06:27,11.73,2026-08-26 21:18:10.800
CAR-02209,OP-REB-01,L02,2026-08-26 21:19:27,13.24,2026-08-26 21:32:41.400
CAR-02210,OP-REB-09,L02,2026-08-26 21:26:43,15.02,2026-08-26 21:41:44.200
CAR-02211,OP-REB-02,L01,2026-08-26 21:28:05,11.52,2026-08-26 21:39:36.200
CAR-02212,OP-REB-01,L02,2026-08-26 21:53:01,8.66,2026-08-26 22:01:40.600
CAR-02213,OP-REB-07,L02,2026-08-26 22:22:58,13.49,2026-08-26 22:36:27.400
CAR-02214,OP-REB-06,L02,2026-08-26 22:25:10,10.33,2026-08-26 22:35:29.800
CAR-02215,OP-REB-06,L01,2026-08-26 22:59:52,11.71,2026-08-26 23:11:34.600
CAR-02216,OP-REB-05,L01,2026-08-26 23:06:39,13.57,2026-08-26 23:20:13.200
CAR-02217,OP-REB-04,L01,2026-08-26 23:15:34,12.59,2026-08-26 23:28:09.400
CAR-02218,OP-REB-04,L02,2026-08-26 23:26:49,11.8,2026-08-26 23:38:37.000
CAR-02219,OP-REB-03,L01,2026-08-26 23:31:09,10.85,2026-08-26 23:42:00.000
CAR-02220,OP-REB-08,L01,2026-08-26 23:36:01,6.2,2026-08-26 23:42:13.000
CAR-02221,OP-REB-07,L01,2026-08-27 00:06:38,13.4,2026-08-27 00:20:02.000
CAR-02222,OP-REB-09,L02,2026-08-27 00:08:20,11.49,2026-08-27 00:19:49.400
CAR-02223,OP-REB-01,L02,2026-08-27 00:48:32,15.03,2026-08-27 01:03:33.800
CAR-02224,OP-REB-07,L01,2026-08-27 01:03:56,12.8,2026-08-27 01:16:44.000
CAR-02225,OP-REB-04,L01,2026-08-27 01:11:24,10.92,2026-08-27 01:22:19.200
CAR-02226,OP-REB-07,L01,2026-08-27 01:13:00,14.13,2026-08-27 01:27:07.800
CAR-02227,OP-REB-01,L02,2026-08-27 01:13:51,14.3,2026-08-27 01:28:09.000
CAR-02228,OP-REB-05,L01,2026-08-27 01:20:55,11.56,2026-08-27 01:32:28.600
CAR-02229,OP-REB-03,L02,2026-08-27 01:41:59,14.39,2026-08-27 01:56:22.400
CAR-02230,OP-REB-05,L02,2026-08-27 01:54:20,10.89,2026-08-27 02:05:13.400
CAR-02231,OP-REB-04,L02,2026-08-27 01:56:25,12.32,2026-08-27 02:08:44.200
CAR-02232,OP-REB-02,L01,2026-08-27 02:07:59,13.14,2026-08-27 02:21:07.400
CAR-02233,OP-REB-04,L01,2026-08-27 02:16:24,13.57,2026-08-27 02:29:58.200
CAR-02234,OP-REB-03,L02,2026-08-27 02:37:16,13.24,2026-08-27 02:50:30.400
CAR-02235,OP-REB-01,L02,2026-08-27 02:41:29,11.33,2026-08-27 02:52:48.800
CAR-02236,OP-REB-08,L02,2026-08-27 02:44:53,14.19,2026-08-27 02:59:04.400
CAR-02237,OP-REB-05,L02,2026-08-27 02:50:00,11.75,2026-08-27 03:01:45.000
CAR-02238,OP-REB-04,L01,2026-08-27 02:55:07,10.86,2026-08-27 03:05:58.600
CAR-02239,OP-REB-05,L01,2026-08-27 03:40:57,10.89,2026-08-27 03:51:50.400
CAR-02240,OP-REB-04,L02,2026-08-27 04:34:41,15.88,2026-08-27 04:50:33.800
CAR-02241,OP-REB-03,L02,2026-08-27 04:46:24,10.52,2026-08-27 04:56:55.200
CAR-02242,OP-REB-05,L02,2026-08-27 04:49:02,14.58,2026-08-27 05:03:36.800
CAR-02243,OP-REB-04,L01,2026-08-27 04:49:28,9.73,2026-08-27 04:59:11.800
CAR-02244,OP-REB-01,L02,2026-08-27 05:12:21,12.98,2026-08-27 05:25:19.800
CAR-02245,OP-REB-03,L01,2026-08-27 05:31:42,12.59,2026-08-27 05:44:17.400
CAR-02246,OP-REB-08,L02,2026-08-27 05:38:51,15.24,2026-08-27 05:54:05.400
CAR-02247,OP-REB-07,L01,2026-08-27 05:40:18,10.69,2026-08-27 05:50:59.400
CAR-02248,OP-REB-02,L01,2026-08-27 05:40:39,10.14,2026-08-27 05:50:47.400
CAR-02249,OP-REB-01,L02,2026-08-27 05:48:26,11.77,2026-08-27 06:00:12.200
CAR-02250,OP-REB-03,L01,2026-08-27 05:50:54,15.33,2026-08-27 06:06:13.800
CAR-02251,OP-REB-05,L01,2026-08-27 05:51:49,10.23,2026-08-27 06:02:02.800
CAR-02252,OP-REB-01,L01,2026-08-27 06:02:13,6.82,2026-08-27 06:09:02.200
CAR-02253,OP-REB-03,L01,2026-08-27 06:25:39,12.12,2026-08-27 06:37:46.200
CAR-02254,OP-REB-03,L02,2026-08-27 06:43:08,13.9,2026-08-27 06:57:02.000
CAR-02255,OP-REB-05,L02,2026-08-27 07:00:41,9.97,2026-08-27 07:10:39.200
CAR-02256,OP-REB-03,L02,2026-08-27 07:23:21,13.7,2026-08-27 07:37:03.000
CAR-02257,OP-REB-09,L02,2026-08-27 07:45:28,9.93,2026-08-27 07:55:23.800
CAR-02258,OP-REB-01,L02,2026-08-27 08:01:34,11.71,2026-08-27 08:13:16.600
CAR-02259,OP-REB-04,L01,2026-08-27 08:02:02,13.51,2026-08-27 08:15:32.600
CAR-02260,OP-REB-04,L01,2026-08-27 08:04:42,9.63,2026-08-27 08:14:19.800
CAR-02261,OP-REB-01,L01,2026-08-27 08:16:54,12.36,2026-08-27 08:29:15.600
CAR-02262,OP-REB-02,L01,2026-08-27 08:17:36,14.43,2026-08-27 08:32:01.800
CAR-02263,OP-REB-01,L02,2026-08-27 08:29:23,12.95,2026-08-27 08:42:20.000
CAR-02264,OP-REB-06,L02,2026-08-27 08:38:40,10.56,2026-08-27 08:49:13.600
CAR-02265,OP-REB-03,L01,2026-08-27 09:02:28,15.04,2026-08-27 09:17:30.400
CAR-02266,OP-REB-07,L02,2026-08-27 09:40:43,13.32,2026-08-27 09:54:02.200
CAR-02267,OP-REB-05,L01,2026-08-27 09:42:56,8.28,2026-08-27 09:51:12.800
CAR-02268,OP-REB-09,L01,2026-08-27 09:48:54,13.73,2026-08-27 10:02:37.800
CAR-02269,OP-REB-07,L02,2026-08-27 10:08:06,10.86,2026-08-27 10:18:57.600
CAR-02270,OP-REB-04,L02,2026-08-27 10:24:52,12.39,2026-08-27 10:37:15.400
CAR-02271,OP-REB-05,L02,2026-08-27 10:36:30,14.02,2026-08-27 10:50:31.200
CAR-02272,OP-REB-05,L02,2026-08-27 10:38:09,10.9,2026-08-27 10:49:03.000
CAR-02273,OP-REB-05,L02,2026-08-27 10:50:55,8.71,2026-08-27 10:59:37.600
CAR-02274,OP-REB-09,L02,2026-08-27 12:01:55,15.01,2026-08-27 12:16:55.600
CAR-02275,OP-REB-03,L02,2026-08-27 12:03:05,14.33,2026-08-27 12:17:24.800
CAR-02276,OP-REB-06,L01,2026-08-27 12:17:22,11.83,2026-08-27 12:29:11.800
CAR-02277,OP-REB-08,L02,2026-08-27 12:17:50,13.71,2026-08-27 12:31:32.600
CAR-02278,OP-REB-09,L01,2026-08-27 12:24:24,11.26,2026-08-27 12:35:39.600
CAR-02279,OP-REB-07,L01,2026-08-27 13:09:18,12.19,2026-08-27 13:21:29.400
CAR-02280,OP-REB-03,L02,2026-08-27 13:12:35,11.71,2026-08-27 13:24:17.600
CAR-02281,OP-REB-01,L01,2026-08-27 13:46:39,11.34,2026-08-27 13:57:59.400
CAR-02282,OP-REB-04,L02,2026-08-27 14:05:04,12.72,2026-08-27 14:17:47.200
CAR-02283,OP-REB-06,L01,2026-08-27 14:15:06,9.58,2026-08-27 14:24:40.800
CAR-02284,OP-REB-03,L01,2026-08-27 14:19:20,11.5,2026-08-27 14:30:50.000
CAR-02285,OP-REB-01,L01,2026-08-27 14:26:27,12.63,2026-08-27 14:39:04.800
CAR-02286,OP-REB-06,L02,2026-08-27 15:06:43,15.68,2026-08-27 15:22:23.800
CAR-02287,OP-REB-01,L01,2026-08-27 15:33:47,9.66,2026-08-27 15:43:26.600
CAR-02288,OP-REB-09,L01,2026-08-27 15:37:00,13.04,2026-08-27 15:50:02.400
CAR-02289,OP-REB-01,L01,2026-08-27 15:40:30,13.26,2026-08-27 15:53:45.600
CAR-02290,OP-REB-06,L02,2026-08-27 15:52:11,8.25,2026-08-27 16:00:26.000
CAR-02291,OP-REB-01,L01,2026-08-27 16:24:29,12.82,2026-08-27 16:37:18.200
CAR-02292,OP-REB-07,L02,2026-08-27 16:29:06,13.76,2026-08-27 16:42:51.600
CAR-02293,OP-REB-03,L01,2026-08-27 16:46:06,13.18,2026-08-27 16:59:16.800
CAR-02294,OP-REB-06,L01,2026-08-27 16:58:23,11.83,2026-08-27 17:10:12.800
CAR-02295,OP-REB-07,L01,2026-08-27 17:27:03,12.67,2026-08-27 17:39:43.200
CAR-02296,OP-REB-01,L02,2026-08-27 17:37:08,12.34,2026-08-27 17:49:28.400
CAR-02297,OP-REB-01,L01,2026-08-27 17:43:47,8.62,2026-08-27 17:52:24.200
CAR-02298,OP-REB-05,L01,2026-08-27 18:10:27,12.39,2026-08-27 18:22:50.400
CAR-02299,OP-REB-06,L01,2026-08-27 18:13:55,11.27,2026-08-27 18:25:11.200
CAR-02300,OP-REB-09,L01,2026-08-27 18:21:10,10.59,2026-08-27 18:31:45.400
CAR-02301,OP-REB-01,L02,2026-08-27 18:42:36,16.97,2026-08-27 18:59:34.200
CAR-02302,OP-REB-04,L01,2026-08-27 19:22:24,14.51,2026-08-27 19:36:54.600
CAR-02303,OP-REB-08,L01,2026-08-27 20:09:56,9.7,2026-08-27 20:19:38.000
CAR-02304,OP-REB-09,L01,2026-08-27 20:12:54,12.69,2026-08-27 20:25:35.400
CAR-02305,OP-REB-03,L01,2026-08-27 20:33:36,14.92,2026-08-27 20:48:31.200
CAR-02306,OP-REB-02,L02,2026-08-27 20:40:05,9.01,2026-08-27 20:49:05.600
CAR-02307,OP-REB-04,L01,2026-08-27 20:43:55,12.15,2026-08-27 20:56:04.000
CAR-02308,OP-REB-02,L01,2026-08-27 20:44:44,12.25,2026-08-27 20:56:59.000
CAR-02309,OP-REB-01,L02,2026-08-27 20:53:18,9.45,2026-08-27 21:02:45.000
CAR-02310,OP-REB-03,L01,2026-08-27 20:55:19,12.76,2026-08-27 21:08:04.600
CAR-02311,OP-REB-07,L01,2026-08-27 22:21:16,14.23,2026-08-27 22:35:29.800
CAR-02312,OP-REB-01,L01,2026-08-27 22:23:33,15.02,2026-08-27 22:38:34.200
CAR-02313,OP-REB-02,L02,2026-08-27 22:32:18,11.5,2026-08-27 22:43:48.000
CAR-02314,OP-REB-01,L01,2026-08-27 22:54:09,17.0,2026-08-27 23:11:09.000
CAR-02315,OP-REB-08,L02,2026-08-27 22:55:28,7.88,2026-08-27 23:03:20.800
CAR-02316,OP-REB-05,L02,2026-08-27 23:01:37,12.71,2026-08-27 23:14:19.600
CAR-02317,OP-REB-08,L02,2026-08-27 23:21:52,9.18,2026-08-27 23:31:02.800
CAR-02318,OP-REB-03,L02,2026-08-27 23:23:09,12.18,2026-08-27 23:35:19.800
CAR-02319,OP-REB-07,L02,2026-08-27 23:43:02,10.96,2026-08-27 23:53:59.600
CAR-02320,OP-REB-08,L02,2026-08-28 00:13:07,13.01,2026-08-28 00:26:07.600
CAR-02321,OP-REB-06,L02,2026-08-28 00:35:36,11.75,2026-08-28 00:47:21.000
CAR-02322,OP-REB-07,L01,2026-08-28 00:49:41,10.35,2026-08-28 01:00:02.000
CAR-02323,OP-REB-02,L01,2026-08-28 01:08:06,10.48,2026-08-28 01:18:34.800
CAR-02324,OP-REB-08,L02,2026-08-28 01:22:01,15.86,2026-08-28 01:37:52.600
CAR-02325,OP-REB-05,L02,2026-08-28 01:38:35,12.89,2026-08-28 01:51:28.400
CAR-02326,OP-REB-07,L02,2026-08-28 01:42:10,8.6,2026-08-28 01:50:46.000
CAR-02327,OP-REB-01,L02,2026-08-28 01:42:16,13.1,2026-08-28 01:55:22.000
CAR-02328,OP-REB-05,L02,2026-08-28 01:55:23,11.61,2026-08-28 02:06:59.600
CAR-02329,OP-REB-01,L02,2026-08-28 01:55:36,12.01,2026-08-28 02:07:36.600
CAR-02330,OP-REB-08,L01,2026-08-28 02:10:49,13.64,2026-08-28 02:24:27.400
CAR-02331,OP-REB-04,L01,2026-08-28 02:12:04,14.37,2026-08-28 02:26:26.200
CAR-02332,OP-REB-04,L02,2026-08-28 02:34:44,10.28,2026-08-28 02:45:00.800
CAR-02333,OP-REB-02,L02,2026-08-28 02:38:08,11.94,2026-08-28 02:50:04.400
CAR-02334,OP-REB-05,L02,2026-08-28 02:42:09,10.91,2026-08-28 02:53:03.600
CAR-02335,OP-REB-01,L01,2026-08-28 02:44:06,13.19,2026-08-28 02:57:17.400
CAR-02336,OP-REB-09,L02,2026-08-28 03:05:12,11.54,2026-08-28 03:16:44.400
CAR-02337,OP-REB-05,L01,2026-08-28 03:07:46,12.06,2026-08-28 03:19:49.600
CAR-02338,OP-REB-06,L01,2026-08-28 03:08:43,11.46,2026-08-28 03:20:10.600
CAR-02339,OP-REB-02,L01,2026-08-28 03:10:21,11.79,2026-08-28 03:22:08.400
CAR-02340,OP-REB-01,L02,2026-08-28 03:27:39,15.41,2026-08-28 03:43:03.600
CAR-02341,OP-REB-04,L02,2026-08-28 03:46:37,16.78,2026-08-28 04:03:23.800
CAR-02342,OP-REB-07,L01,2026-08-28 04:08:53,12.75,2026-08-28 04:21:38.000
CAR-02343,OP-REB-06,L01,2026-08-28 04:12:21,11.8,2026-08-28 04:24:09.000
CAR-02344,OP-REB-01,L01,2026-08-28 04:49:59,8.81,2026-08-28 04:58:47.600
CAR-02345,OP-REB-01,L01,2026-08-28 05:08:21,10.48,2026-08-28 05:18:49.800
CAR-02346,OP-REB-08,L02,2026-08-28 05:09:13,11.75,2026-08-28 05:20:58.000
CAR-02347,OP-REB-04,L01,2026-08-28 05:17:35,10.57,2026-08-28 05:28:09.200
CAR-02348,OP-REB-05,L02,2026-08-28 05:55:14,10.78,2026-08-28 06:06:00.800
CAR-02349,OP-REB-07,L01,2026-08-28 05:55:17,15.15,2026-08-28 06:10:26.000
CAR-02350,OP-REB-08,L02,2026-08-28 06:00:11,12.06,2026-08-28 06:12:14.600
CAR-02351,OP-REB-07,L01,2026-08-28 06:45:41,12.24,2026-08-28 06:57:55.400
CAR-02352,OP-REB-02,L02,2026-08-28 06:47:38,10.65,2026-08-28 06:58:17.000
CAR-02353,OP-REB-04,L02,2026-08-28 07:38:03,14.36,2026-08-28 07:52:24.600
CAR-02354,OP-REB-01,L02,2026-08-28 07:45:35,11.57,2026-08-28 07:57:09.200
CAR-02355,OP-REB-09,L01,2026-08-28 07:56:07,10.96,2026-08-28 08:07:04.600
CAR-02356,OP-REB-03,L02,2026-08-28 08:33:11,8.84,2026-08-28 08:42:01.400
CAR-02357,OP-REB-03,L01,2026-08-28 08:33:55,11.88,2026-08-28 08:45:47.800
CAR-02358,OP-REB-09,L02,2026-08-28 08:56:34,10.9,2026-08-28 09:07:28.000
CAR-02359,OP-REB-03,L02,2026-08-28 09:49:42,15.37,2026-08-28 10:05:04.200
CAR-02360,OP-REB-08,L01,2026-08-28 10:07:29,15.69,2026-08-28 10:23:10.400
CAR-02361,OP-REB-02,L02,2026-08-28 10:16:43,9.53,2026-08-28 10:26:14.800
CAR-02362,OP-REB-03,L02,2026-08-28 10:35:16,9.76,2026-08-28 10:45:01.600
CAR-02363,OP-REB-02,L01,2026-08-28 10:45:16,11.45,2026-08-28 10:56:43.000
CAR-02364,OP-REB-01,L02,2026-08-28 10:59:30,10.37,2026-08-28 11:09:52.200
CAR-02365,OP-REB-02,L02,2026-08-28 11:07:11,12.43,2026-08-28 11:19:36.800
CAR-02366,OP-REB-08,L02,2026-08-28 11:17:58,11.35,2026-08-28 11:29:19.000
CAR-02367,OP-REB-09,L02,2026-08-28 11:50:39,12.56,2026-08-28 12:03:12.600
CAR-02368,OP-REB-02,L01,2026-08-28 11:50:47,14.03,2026-08-28 12:04:48.800
CAR-02369,OP-REB-07,L02,2026-08-28 12:14:02,9.87,2026-08-28 12:23:54.200
CAR-02370,OP-REB-05,L02,2026-08-28 12:23:07,13.99,2026-08-28 12:37:06.400
CAR-02371,OP-REB-03,L02,2026-08-28 12:24:34,10.54,2026-08-28 12:35:06.400
CAR-02372,OP-REB-09,L02,2026-08-28 12:32:10,16.3,2026-08-28 12:48:28.000
CAR-02373,OP-REB-06,L02,2026-08-28 12:32:46,15.24,2026-08-28 12:48:00.400
CAR-02374,OP-REB-01,L02,2026-08-28 12:57:01,11.77,2026-08-28 13:08:47.200
CAR-02375,OP-REB-05,L02,2026-08-28 13:10:38,10.07,2026-08-28 13:20:42.200
CAR-02376,OP-REB-07,L02,2026-08-28 13:24:19,9.69,2026-08-28 13:34:00.400
CAR-02377,OP-REB-04,L01,2026-08-28 13:45:31,13.75,2026-08-28 13:59:16.000
CAR-02378,OP-REB-08,L01,2026-08-28 14:00:32,11.94,2026-08-28 14:12:28.400
CAR-02379,OP-REB-05,L01,2026-08-28 14:01:04,13.85,2026-08-28 14:14:55.000
CAR-02380,OP-REB-09,L01,2026-08-28 14:04:24,16.41,2026-08-28 14:20:48.600
CAR-02381,OP-REB-09,L02,2026-08-28 14:38:37,10.46,2026-08-28 14:49:04.600
CAR-02382,OP-REB-09,L02,2026-08-28 14:39:59,9.54,2026-08-28 14:49:31.400
CAR-02383,OP-REB-01,L01,2026-08-28 14:50:43,12.39,2026-08-28 15:03:06.400
CAR-02384,OP-REB-02,L01,2026-08-28 15:03:18,14.29,2026-08-28 15:17:35.400
CAR-02385,OP-REB-03,L01,2026-08-28 15:06:40,10.12,2026-08-28 15:16:47.200
CAR-02386,OP-REB-04,L02,2026-08-28 15:23:30,12.07,2026-08-28 15:35:34.200
CAR-02387,OP-REB-09,L02,2026-08-28 15:24:56,14.74,2026-08-28 15:39:40.400
CAR-02388,OP-REB-06,L01,2026-08-28 15:27:40,8.73,2026-08-28 15:36:23.800
CAR-02389,OP-REB-01,L01,2026-08-28 16:17:02,12.47,2026-08-28 16:29:30.200
CAR-02390,OP-REB-09,L01,2026-08-28 16:20:52,10.92,2026-08-28 16:31:47.200
CAR-02391,OP-REB-06,L01,2026-08-28 16:31:30,12.25,2026-08-28 16:43:45.000
CAR-02392,OP-REB-04,L01,2026-08-28 16:58:00,13.42,2026-08-28 17:11:25.200
CAR-02393,OP-REB-04,L02,2026-08-28 17:12:19,12.44,2026-08-28 17:24:45.400
CAR-02394,OP-REB-03,L01,2026-08-28 17:48:48,9.98,2026-08-28 17:58:46.800
CAR-02395,OP-REB-07,L02,2026-08-28 18:17:54,11.0,2026-08-28 18:28:54.000
CAR-02396,OP-REB-03,L01,2026-08-28 18:29:30,14.85,2026-08-28 18:44:21.000
CAR-02397,OP-REB-02,L01,2026-08-28 18:32:15,12.66,2026-08-28 18:44:54.600
CAR-02398,OP-REB-08,L02,2026-08-28 18:38:45,13.68,2026-08-28 18:52:25.800
CAR-02399,OP-REB-04,L01,2026-08-28 18:41:34,12.5,2026-08-28 18:54:04.000
CAR-02400,OP-REB-08,L02,2026-08-28 18:47:17,13.62,2026-08-28 19:00:54.200
CAR-02401,OP-REB-01,L02,2026-08-28 18:52:06,11.21,2026-08-28 19:03:18.600
CAR-02402,OP-REB-05,L01,2026-08-28 19:04:37,10.46,2026-08-28 19:15:04.600
CAR-02403,OP-REB-09,L01,2026-08-28 19:22:12,13.53,2026-08-28 19:35:43.800
CAR-02404,OP-REB-01,L02,2026-08-28 19:23:48,14.25,2026-08-28 19:38:03.000
CAR-02405,OP-REB-04,L02,2026-08-28 19:30:12,10.17,2026-08-28 19:40:22.200
CAR-02406,OP-REB-06,L01,2026-08-28 19:35:32,10.85,2026-08-28 19:46:23.000
CAR-02407,OP-REB-08,L02,2026-08-28 19:45:47,11.67,2026-08-28 19:57:27.200
CAR-02408,OP-REB-03,L01,2026-08-28 19:45:57,15.24,2026-08-28 20:01:11.400
CAR-02409,OP-REB-05,L02,2026-08-28 19:58:49,13.13,2026-08-28 20:11:56.800
CAR-02410,OP-REB-07,L01,2026-08-28 20:02:46,9.35,2026-08-28 20:12:07.000
CAR-02411,OP-REB-01,L02,2026-08-28 20:27:13,11.81,2026-08-28 20:39:01.600
CAR-02412,OP-REB-07,L02,2026-08-28 20:52:58,11.51,2026-08-28 21:04:28.600
CAR-02413,OP-REB-08,L01,2026-08-28 20:54:48,9.65,2026-08-28 21:04:27.000
CAR-02414,OP-REB-08,L02,2026-08-28 21:08:32,11.79,2026-08-28 21:20:19.400
CAR-02415,OP-REB-09,L02,2026-08-28 21:24:38,11.42,2026-08-28 21:36:03.200
CAR-02416,OP-REB-06,L02,2026-08-28 21:43:03,11.28,2026-08-28 21:54:19.800
CAR-02417,OP-REB-06,L02,2026-08-28 21:55:37,11.19,2026-08-28 22:06:48.400
CAR-02418,OP-REB-02,L02,2026-08-28 22:48:13,14.94,2026-08-28 23:03:09.400
CAR-02419,OP-REB-03,L02,2026-08-28 23:22:17,11.27,2026-08-28 23:33:33.200
CAR-02420,OP-REB-04,L02,2026-08-29 00:08:03,12.1,2026-08-29 00:20:09.000
CAR-02421,OP-REB-04,L01,2026-08-29 00:16:46,11.88,2026-08-29 00:28:38.800
CAR-02422,OP-REB-08,L02,2026-08-29 00:25:05,10.99,2026-08-29 00:36:04.400
CAR-02423,OP-REB-01,L02,2026-08-29 00:41:10,12.16,2026-08-29 00:53:19.600
CAR-02424,OP-REB-04,L01,2026-08-29 00:41:21,12.13,2026-08-29 00:53:28.800
CAR-02425,OP-REB-04,L02,2026-08-29 01:16:27,12.16,2026-08-29 01:28:36.600
CAR-02426,OP-REB-01,L02,2026-08-29 01:33:35,10.28,2026-08-29 01:43:51.800
CAR-02427,OP-REB-03,L01,2026-08-29 02:01:39,11.59,2026-08-29 02:13:14.400
CAR-02428,OP-REB-05,L02,2026-08-29 03:10:29,13.52,2026-08-29 03:24:00.200
CAR-02429,OP-REB-06,L02,2026-08-29 03:26:05,11.64,2026-08-29 03:37:43.400
CAR-02430,OP-REB-09,L01,2026-08-29 03:53:23,12.32,2026-08-29 04:05:42.200
CAR-02431,OP-REB-09,L01,2026-08-29 04:02:29,12.33,2026-08-29 04:14:48.800
CAR-02432,OP-REB-09,L02,2026-08-29 04:05:24,12.83,2026-08-29 04:18:13.800
CAR-02433,OP-REB-01,L02,2026-08-29 04:10:59,13.12,2026-08-29 04:24:06.200
CAR-02434,OP-REB-09,L01,2026-08-29 04:41:12,11.65,2026-08-29 04:52:51.000
CAR-02435,OP-REB-08,L02,2026-08-29 04:46:42,10.18,2026-08-29 04:56:52.800
CAR-02436,OP-REB-02,L01,2026-08-29 04:49:36,9.56,2026-08-29 04:59:09.600
CAR-02437,OP-REB-01,L01,2026-08-29 04:59:32,14.04,2026-08-29 05:13:34.400
CAR-02438,OP-REB-01,L01,2026-08-29 05:09:42,13.54,2026-08-29 05:23:14.400
CAR-02439,OP-REB-06,L02,2026-08-29 05:13:50,13.3,2026-08-29 05:27:08.000
CAR-02440,OP-REB-09,L01,2026-08-29 05:29:09,13.62,2026-08-29 05:42:46.200
CAR-02441,OP-REB-07,L01,2026-08-29 06:11:02,11.68,2026-08-29 06:22:42.800
CAR-02442,OP-REB-05,L01,2026-08-29 06:22:44,10.75,2026-08-29 06:33:29.000
CAR-02443,OP-REB-02,L02,2026-08-29 06:33:32,10.04,2026-08-29 06:43:34.400
CAR-02444,OP-REB-01,L02,2026-08-29 07:06:24,9.82,2026-08-29 07:16:13.200
CAR-02445,OP-REB-02,L02,2026-08-29 07:19:30,14.42,2026-08-29 07:33:55.200
CAR-02446,OP-REB-01,L01,2026-08-29 07:20:50,11.01,2026-08-29 07:31:50.600
CAR-02447,OP-REB-03,L02,2026-08-29 08:19:00,14.11,2026-08-29 08:33:06.600
CAR-02448,OP-REB-06,L02,2026-08-29 08:28:01,11.63,2026-08-29 08:39:38.800
CAR-02449,OP-REB-08,L01,2026-08-29 08:33:08,10.65,2026-08-29 08:43:47.000
CAR-02450,OP-REB-03,L01,2026-08-29 08:43:40,9.81,2026-08-29 08:53:28.600
CAR-02451,OP-REB-09,L02,2026-08-29 09:08:45,10.82,2026-08-29 09:19:34.200
CAR-02452,OP-REB-05,L02,2026-08-29 09:43:13,14.84,2026-08-29 09:58:03.400
CAR-02453,OP-REB-07,L01,2026-08-29 09:57:58,9.83,2026-08-29 10:07:47.800
CAR-02454,OP-REB-08,L02,2026-08-29 10:03:48,16.23,2026-08-29 10:20:01.800
CAR-02455,OP-REB-03,L01,2026-08-29 10:10:06,10.32,2026-08-29 10:20:25.200
CAR-02456,OP-REB-02,L01,2026-08-29 11:44:15,13.5,2026-08-29 11:57:45.000
CAR-02457,OP-REB-02,L02,2026-08-29 12:24:26,11.71,2026-08-29 12:36:08.600
CAR-02458,OP-REB-05,L02,2026-08-29 12:41:22,11.36,2026-08-29 12:52:43.600
CAR-02459,OP-REB-01,L02,2026-08-29 12:50:51,9.46,2026-08-29 13:00:18.600
CAR-02460,OP-REB-02,L02,2026-08-29 12:53:46,11.8,2026-08-29 13:05:34.000
CAR-02461,OP-REB-09,L01,2026-08-29 13:24:00,9.68,2026-08-29 13:33:40.800
CAR-02462,OP-REB-07,L02,2026-08-29 13:34:19,8.64,2026-08-29 13:42:57.400
CAR-02463,OP-REB-06,L02,2026-08-29 13:36:49,12.24,2026-08-29 13:49:03.400
CAR-02464,OP-REB-09,L02,2026-08-29 14:02:37,10.73,2026-08-29 14:13:20.800
CAR-02465,OP-REB-07,L01,2026-08-29 14:49:36,15.37,2026-08-29 15:04:58.200
CAR-02466,OP-REB-05,L02,2026-08-29 15:13:21,14.0,2026-08-29 15:27:21.000
CAR-02467,OP-REB-09,L02,2026-08-29 15:35:52,15.39,2026-08-29 15:51:15.400
CAR-02468,OP-REB-06,L01,2026-08-29 16:14:30,10.64,2026-08-29 16:25:08.400
CAR-02469,OP-REB-06,L01,2026-08-29 16:27:19,12.27,2026-08-29 16:39:35.200
CAR-02470,OP-REB-04,L01,2026-08-29 16:33:04,6.76,2026-08-29 16:39:49.600
CAR-02471,OP-REB-01,L01,2026-08-29 17:21:12,11.44,2026-08-29 17:32:38.400
CAR-02472,OP-REB-05,L01,2026-08-29 17:28:11,12.2,2026-08-29 17:40:23.000
CAR-02473,OP-REB-09,L02,2026-08-29 17:41:59,12.31,2026-08-29 17:54:17.600
CAR-02474,OP-REB-08,L01,2026-08-29 18:01:32,11.92,2026-08-29 18:13:27.200
CAR-02475,OP-REB-08,L01,2026-08-29 18:03:36,12.13,2026-08-29 18:15:43.800
CAR-02476,OP-REB-05,L01,2026-08-29 18:12:40,6.57,2026-08-29 18:19:14.200
CAR-02477,OP-REB-09,L01,2026-08-29 18:53:24,12.51,2026-08-29 19:05:54.600
CAR-02478,OP-REB-03,L01,2026-08-29 19:35:52,12.97,2026-08-29 19:48:50.200
CAR-02479,OP-REB-03,L01,2026-08-29 20:19:44,14.68,2026-08-29 20:34:24.800
CAR-02480,OP-REB-01,L01,2026-08-29 20:20:58,12.74,2026-08-29 20:33:42.400
CAR-02481,OP-REB-09,L01,2026-08-29 20:42:31,11.74,2026-08-29 20:54:15.400
CAR-02482,OP-REB-06,L02,2026-08-29 20:43:09,14.21,2026-08-29 20:57:21.600
CAR-02483,OP-REB-02,L02,2026-08-29 21:29:28,7.29,2026-08-29 21:36:45.400
CAR-02484,OP-REB-08,L02,2026-08-29 21:38:59,10.97,2026-08-29 21:49:57.200
CAR-02485,OP-REB-09,L01,2026-08-29 21:40:48,10.47,2026-08-29 21:51:16.200
CAR-02486,OP-REB-09,L01,2026-08-29 22:03:34,11.93,2026-08-29 22:15:29.800
CAR-02487,OP-REB-02,L01,2026-08-29 22:05:54,7.6,2026-08-29 22:13:30.000
CAR-02488,OP-REB-02,L02,2026-08-30 00:06:53,14.64,2026-08-30 00:21:31.400
CAR-02489,OP-REB-07,L01,2026-08-30 00:14:44,11.5,2026-08-30 00:26:14.000
CAR-02490,OP-REB-04,L01,2026-08-30 00:19:55,12.64,2026-08-30 00:32:33.400
CAR-02491,OP-REB-01,L01,2026-08-30 00:22:47,12.45,2026-08-30 00:35:14.000
CAR-02492,OP-REB-08,L02,2026-08-30 00:47:10,14.52,2026-08-30 01:01:41.200
CAR-02493,OP-REB-02,L02,2026-08-30 01:00:31,8.28,2026-08-30 01:08:47.800
CAR-02494,OP-REB-03,L01,2026-08-30 01:01:22,12.22,2026-08-30 01:13:35.200
CAR-02495,OP-REB-05,L02,2026-08-30 01:32:49,14.29,2026-08-30 01:47:06.400
CAR-02496,OP-REB-03,L01,2026-08-30 01:51:46,11.8,2026-08-30 02:03:34.000
CAR-02497,OP-REB-07,L01,2026-08-30 02:05:18,10.1,2026-08-30 02:15:24.000
CAR-02498,OP-REB-07,L02,2026-08-30 02:15:18,10.79,2026-08-30 02:26:05.400
CAR-02499,OP-REB-02,L02,2026-08-30 03:00:38,11.21,2026-08-30 03:11:50.600
CAR-02500,OP-REB-07,L02,2026-08-30 03:13:37,10.56,2026-08-30 03:24:10.600
CAR-02501,OP-REB-06,L02,2026-08-30 03:21:21,11.69,2026-08-30 03:33:02.400
CAR-02502,OP-REB-09,L01,2026-08-30 03:38:25,15.02,2026-08-30 03:53:26.200
CAR-02503,OP-REB-09,L01,2026-08-30 04:40:56,10.81,2026-08-30 04:51:44.600
CAR-02504,OP-REB-02,L02,2026-08-30 04:43:22,11.02,2026-08-30 04:54:23.200
CAR-02505,OP-REB-07,L02,2026-08-30 05:21:32,12.92,2026-08-30 05:34:27.200
CAR-02506,OP-REB-05,L01,2026-08-30 05:29:31,11.65,2026-08-30 05:41:10.000
CAR-02507,OP-REB-06,L01,2026-08-30 05:33:17,9.34,2026-08-30 05:42:37.400
CAR-02508,OP-REB-01,L01,2026-08-30 05:43:14,11.88,2026-08-30 05:55:06.800
CAR-02509,OP-REB-07,L01,2026-08-30 05:44:19,11.8,2026-08-30 05:56:07.000
CAR-02510,OP-REB-06,L02,2026-08-30 05:47:20,13.95,2026-08-30 06:01:17.000
CAR-02511,OP-REB-04,L02,2026-08-30 06:07:55,10.06,2026-08-30 06:17:58.600
CAR-02512,OP-REB-01,L02,2026-08-30 06:52:29,13.96,2026-08-30 07:06:26.600
CAR-02513,OP-REB-09,L01,2026-08-30 06:57:59,11.8,2026-08-30 07:09:47.000
CAR-02514,OP-REB-04,L01,2026-08-30 06:59:15,9.78,2026-08-30 07:09:01.800
CAR-02515,OP-REB-02,L02,2026-08-30 07:42:00,9.38,2026-08-30 07:51:22.800
CAR-02516,OP-REB-08,L02,2026-08-30 07:57:47,15.87,2026-08-30 08:13:39.200
CAR-02517,OP-REB-02,L02,2026-08-30 08:03:44,11.68,2026-08-30 08:15:24.800
CAR-02518,OP-REB-05,L01,2026-08-30 08:11:58,13.87,2026-08-30 08:25:50.200
CAR-02519,OP-REB-06,L02,2026-08-30 08:43:39,8.58,2026-08-30 08:52:13.800
CAR-02520,OP-REB-08,L01,2026-08-30 08:58:11,17.28,2026-08-30 09:15:27.800
CAR-02521,OP-REB-01,L02,2026-08-30 09:15:34,13.79,2026-08-30 09:29:21.400
CAR-02522,OP-REB-01,L02,2026-08-30 09:22:03,11.49,2026-08-30 09:33:32.400
CAR-02523,OP-REB-04,L02,2026-08-30 09:37:18,11.39,2026-08-30 09:48:41.400
CAR-02524,OP-REB-05,L01,2026-08-30 09:42:50,13.47,2026-08-30 09:56:18.200
CAR-02525,OP-REB-09,L01,2026-08-30 09:51:47,13.35,2026-08-30 10:05:08.000
CAR-02526,OP-REB-07,L01,2026-08-30 09:59:57,12.37,2026-08-30 10:12:19.200
CAR-02527,OP-REB-07,L01,2026-08-30 10:01:47,12.02,2026-08-30 10:13:48.200
CAR-02528,OP-REB-08,L01,2026-08-30 10:21:19,13.12,2026-08-30 10:34:26.200
CAR-02529,OP-REB-05,L01,2026-08-30 10:36:29,8.52,2026-08-30 10:45:00.200
CAR-02530,OP-REB-05,L02,2026-08-30 11:03:22,11.26,2026-08-30 11:14:37.600
CAR-02531,OP-REB-01,L01,2026-08-30 11:13:08,8.71,2026-08-30 11:21:50.600
CAR-02532,OP-REB-09,L02,2026-08-30 11:53:39,13.21,2026-08-30 12:06:51.600
CAR-02533,OP-REB-06,L01,2026-08-30 11:55:54,10.65,2026-08-30 12:06:33.000
CAR-02534,OP-REB-09,L02,2026-08-30 12:03:39,8.86,2026-08-30 12:12:30.600
CAR-02535,OP-REB-03,L02,2026-08-30 12:06:16,10.41,2026-08-30 12:16:40.600
CAR-02536,OP-REB-05,L01,2026-08-30 12:12:21,12.3,2026-08-30 12:24:39.000
CAR-02537,OP-REB-02,L02,2026-08-30 12:17:48,11.59,2026-08-30 12:29:23.400
CAR-02538,OP-REB-05,L01,2026-08-30 12:37:47,9.65,2026-08-30 12:47:26.000
CAR-02539,OP-REB-08,L01,2026-08-30 12:47:14,8.59,2026-08-30 12:55:49.400
CAR-02540,OP-REB-02,L01,2026-08-30 12:49:39,12.15,2026-08-30 13:01:48.000
CAR-02541,OP-REB-08,L01,2026-08-30 12:55:26,10.84,2026-08-30 13:06:16.400
CAR-02542,OP-REB-04,L02,2026-08-30 13:22:27,11.48,2026-08-30 13:33:55.800
CAR-02543,OP-REB-01,L01,2026-08-30 14:03:49,11.68,2026-08-30 14:15:29.800
CAR-02544,OP-REB-05,L02,2026-08-30 14:08:57,12.86,2026-08-30 14:21:48.600
CAR-02545,OP-REB-01,L02,2026-08-30 14:24:53,13.69,2026-08-30 14:38:34.400
CAR-02546,OP-REB-07,L02,2026-08-30 14:36:22,12.29,2026-08-30 14:48:39.400
CAR-02547,OP-REB-08,L01,2026-08-30 15:15:11,11.36,2026-08-30 15:26:32.600
CAR-02548,OP-REB-03,L02,2026-08-30 15:24:08,12.05,2026-08-30 15:36:11.000
CAR-02549,OP-REB-03,L01,2026-08-30 15:33:54,11.32,2026-08-30 15:45:13.200
CAR-02550,OP-REB-07,L02,2026-08-30 15:41:16,8.71,2026-08-30 15:49:58.600
CAR-02551,OP-REB-04,L01,2026-08-30 16:17:17,14.18,2026-08-30 16:31:27.800
CAR-02552,OP-REB-03,L01,2026-08-30 16:23:36,13.81,2026-08-30 16:37:24.600
CAR-02553,OP-REB-08,L01,2026-08-30 16:33:10,15.98,2026-08-30 16:49:08.800
CAR-02554,OP-REB-03,L01,2026-08-30 16:36:28,16.56,2026-08-30 16:53:01.600
CAR-02555,OP-REB-07,L02,2026-08-30 16:51:49,9.65,2026-08-30 17:01:28.000
CAR-02556,OP-REB-02,L02,2026-08-30 17:13:46,11.33,2026-08-30 17:25:05.800
CAR-02557,OP-REB-01,L01,2026-08-30 17:25:41,17.02,2026-08-30 17:42:42.200
CAR-02558,OP-REB-06,L02,2026-08-30 17:29:42,11.92,2026-08-30 17:41:37.200
CAR-02559,OP-REB-08,L01,2026-08-30 17:38:20,12.49,2026-08-30 17:50:49.400
CAR-02560,OP-REB-01,L01,2026-08-30 17:49:27,8.96,2026-08-30 17:58:24.600
CAR-02561,OP-REB-09,L02,2026-08-30 17:53:41,12.3,2026-08-30 18:05:59.000
CAR-02562,OP-REB-03,L01,2026-08-30 17:53:54,15.86,2026-08-30 18:09:45.600
CAR-02563,OP-REB-03,L01,2026-08-30 18:41:54,14.57,2026-08-30 18:56:28.200
CAR-02564,OP-REB-04,L01,2026-08-30 18:42:11,10.78,2026-08-30 18:52:57.800
CAR-02565,OP-REB-01,L01,2026-08-30 18:45:03,11.21,2026-08-30 18:56:15.600
CAR-02566,OP-REB-09,L01,2026-08-30 19:07:31,9.74,2026-08-30 19:17:15.400
CAR-02567,OP-REB-03,L02,2026-08-30 19:15:14,10.3,2026-08-30 19:25:32.000
CAR-02568,OP-REB-04,L02,2026-08-30 20:24:49,8.18,2026-08-30 20:32:59.800
CAR-02569,OP-REB-01,L02,2026-08-30 20:25:37,11.83,2026-08-30 20:37:26.800
CAR-02570,OP-REB-04,L01,2026-08-30 20:37:11,15.02,2026-08-30 20:52:12.200
CAR-02571,OP-REB-01,L01,2026-08-30 20:39:39,12.71,2026-08-30 20:52:21.600
CAR-02572,OP-REB-05,L01,2026-08-30 20:49:04,14.73,2026-08-30 21:03:47.800
CAR-02573,OP-REB-05,L01,2026-08-30 20:54:32,14.15,2026-08-30 21:08:41.000
CAR-02574,OP-REB-07,L01,2026-08-30 21:07:26,10.91,2026-08-30 21:18:20.600
CAR-02575,OP-REB-08,L01,2026-08-30 21:47:49,10.48,2026-08-30 21:58:17.800
CAR-02576,OP-REB-04,L02,2026-08-30 23:16:33,10.56,2026-08-30 23:27:06.600
CAR-02577,OP-REB-07,L01,2026-08-30 23:17:02,8.57,2026-08-30 23:25:36.200
CAR-02578,OP-REB-04,L02,2026-08-30 23:21:43,12.06,2026-08-30 23:33:46.600
CAR-02579,OP-REB-03,L01,2026-08-30 23:54:42,6.19,2026-08-31 00:00:53.400
CAR-02580,OP-REB-06,L02,2026-08-31 00:00:06,13.18,2026-08-31 00:13:16.800
CAR-02581,OP-REB-04,L01,2026-08-31 00:12:45,12.14,2026-08-31 00:24:53.400
CAR-02582,OP-REB-03,L02,2026-08-31 00:38:56,12.94,2026-08-31 00:51:52.400
CAR-02583,OP-REB-09,L02,2026-08-31 00:47:04,14.11,2026-08-31 01:01:10.600
CAR-02584,OP-REB-05,L01,2026-08-31 00:53:39,12.4,2026-08-31 01:06:03.000
CAR-02585,OP-REB-07,L01,2026-08-31 01:12:34,15.26,2026-08-31 01:27:49.600
CAR-02586,OP-REB-06,L02,2026-08-31 01:25:18,13.24,2026-08-31 01:38:32.400
CAR-02587,OP-REB-05,L01,2026-08-31 02:00:40,10.49,2026-08-31 02:11:09.400
CAR-02588,OP-REB-07,L01,2026-08-31 02:04:15,11.52,2026-08-31 02:15:46.200
CAR-02589,OP-REB-06,L01,2026-08-31 02:05:06,7.48,2026-08-31 02:12:34.800
CAR-02590,OP-REB-02,L02,2026-08-31 02:05:13,10.2,2026-08-31 02:15:25.000
CAR-02591,OP-REB-03,L01,2026-08-31 03:15:15,11.24,2026-08-31 03:26:29.400
CAR-02592,OP-REB-02,L02,2026-08-31 03:15:17,13.09,2026-08-31 03:28:22.400
CAR-02593,OP-REB-03,L02,2026-08-31 03:22:49,10.5,2026-08-31 03:33:19.000
CAR-02594,OP-REB-01,L01,2026-08-31 03:36:24,9.51,2026-08-31 03:45:54.600
CAR-02595,OP-REB-08,L02,2026-08-31 04:03:51,8.22,2026-08-31 04:12:04.200
CAR-02596,OP-REB-06,L01,2026-08-31 04:23:38,10.81,2026-08-31 04:34:26.600
CAR-02597,OP-REB-02,L01,2026-08-31 04:30:44,15.9,2026-08-31 04:46:38.000
CAR-02598,OP-REB-08,L02,2026-08-31 04:46:49,12.54,2026-08-31 04:59:21.400
CAR-02599,OP-REB-06,L02,2026-08-31 05:31:50,13.88,2026-08-31 05:45:42.800
CAR-02600,OP-REB-07,L02,2026-08-31 05:54:21,10.2,2026-08-31 06:04:33.000
